 ,5189
？,3190
七七,2525
志祺,2221
的,1515
｜,1499
！,1398
《,1236
》,1235
，,1191
、,1182
「,935
」,935
EP,840
【,777
】,777
是,625
嗎,605
什麼,531
了,337
為,336
有,299
到底,291
你,275
.,260
怎麼,260
台灣,257
都,255
在,253
大,244
ft,227
被,193
人,178
為何,174
要,171
會,168
真的,167
觀察日記,162
不,148
也,143
就,133
來,129
又,118
讓,112
中國,109
左邊,101
鄰居,101
可以,100
跟,98
後,96
新聞,94
年,92
我,92
看,90
竟然,84
做,83
心理,83
還是,82
日本,81
卻,81
回顧,81
問題,80
上,77
學,77
⋯,76
YouTube,74
我們,74
從,71
到,71
其實,70
能,70
最,69
事件,69
如何,68
中,68
該,67
多,67
字,65
對,62
探索,62
和,62
與,62
可能,60
說書,59
彙,59
生難,58
大辭海,58
爭議,57
說,57
誰,57
世界,55
政策,55
沒,53
知道,53
神秘,52
好,52
朋友,50
想,50
時代,50
事,49
政府,49
政治,49
很,49
哪些,47
美國,47
啦,47
長,46
知識,46
YouTuber,46
社會,45
自己,44
集合,44
影片,44
食物,44
@,43
強者,43
健康,43
辦,43
好奇,43
發生,42
總統,42
究竟,42
開箱,42
吃,41
...,40
Ｏ,40
挑戰,40
更,40
ㄉ,40
全球,39
生活,39
：,39
黃,39
用,39
台味,39
懶人包,38
比,38
職業,37
韓國,36
學生,36
有人,36
現象,36
話,35
科學,35
呢,35
心靈七湯,35
去,34
個,34
開,34
香港,34
宅氣,34
破解,33
這麼,33
一起,33
001,33
迷思,32
得,32
今天,32
日記,32
荒誕,32
翻譯,32
008,32
002,32
韓國瑜,32
錢,31
一定,31
罵,31
一次,31
逆襲,31
拼盤,31
003,31
追劇,31
）,31
原因,30
有什麼,30
稿,30
不是,30
公投,30
蒟,30
蒻,30
工作,30
揭密,30
の,30
追七令,30
（,30
他們,29
變成,29
不讀,29
009,29
004,29
英文,29
武漢,29
打,28
就是,28
阿滴,28
011,28
007,28
005,28
肺炎,28
背,27
才,27
危機,27
小孩,27
頂,27
006,27
疫情,27
億,26
3,26
它,26
出現,26
頻道,26
專用,26
010,26
英國,26
怎樣,25
成為,25
成功,25
買,25
巨人,25
014,25
一個,25
原來,25
臺,25
012,25
故事,24
歷史,24
嘴,24
㊙,24
★,24
帶,24
竟,23
10,23
文化,23
錯,23
製,23
️,23
那麼,23
但,23
013,23
因為,23
☆,23
方法,22
教育,22
愛,22
再,22
#,22
超,22
嚴重,22
AI,22
越,22
新,22
如果,22
揭秘,22
大人,22
聽,22
之,21
賺,21
人類,21
出,21
20,21
印度,21
大公,21
下,21
大自然,21
秒,21
這個,21
消失,20
一直,20
。,20
017,20
只,20
眼淚,20
015,20
小,20
這些,20
他,20
不能,20
特別,20
交通,20
賣,20
016,20
只是,20
萬,20
了解,20
吧,20
蔡,20
聊聊,20
軍,19
不要,19
馬,19
曾,19
發,19
爆,19
還有,19
於,19
安全,19
復,19
史上,19
最大,19
選舉,19
警察,19
企業,19
018,19
把,19
歡樂,19
居然,18
運動,18
嘛,18
影響,18
有關,18
倒,18
推,18
台,18
相親,18
相愛,18
焦慮,18
懂,18
哪,18
快來,18
女生,18
疫苗,18
反送,18
現在,17
明明,17
騙,17
明史,17
人生,17
7,17
不到,17
覺得,17
較,17
連,17
022,17
第一,17
寫,16
何會,16
蹤,16
全面,16
全世界,16
分鐘,16
Google,16
需要,16
動畫,16
自由,16
023,16
各種,16
不用,16
認識,16
019,16
可怕,16
兩個,16
百分百,16
看看,16
追緝令,16
每週,16
無法黨,16
小心,15
靠,15
支持,15
5,15
才能,15
幹,15
搶,15
科技,15
網紅,15
死,15
流行,15
一,15
看到,15
陳,15
像,15
戰爭,15
021,15
沒有,15
哪裡,15
歧視,15
產業,15
Podcast,15
解析,15
020,15
那些,15
大家,15
應該,15
防疫,15
精華,15
EP001,15
77,15
圖文,15
不符,15
存在,14
內容,14
?,14
恐怖,14
川普,14
症,14
未來,14
這,14
有用,14
還要,14
一樣,14
想要,14
太空,14
國際,14
真,14
喜歡,14
EP005,14
EP002,14
假新聞,14
每月,14
Ｘ,14
產地,14
穿,13
-,13
4,13
害,13
改變,13
睡,13
罷工,13
制度,13
2,13
著,13
中共,13
除了,13
這樣,13
024,13
難,13
道歉,13
垃圾,13
民主,13
前,13
國家,13
老師,13
玩,13
宇宙,13
留言,13
指南,13
企劃,13
地震,13
公司,13
聊天室,13
EP004,13
EP003,13
篇,13
柯文,13
029,12
走,12
曾經,12
作者,12
老,12
跑,12
關鍵,12
而,12
不好,12
高中,12
討厭,12
30,12
真實,12
遊戲,12
教,12
動物,12
025,12
得到,12
訪談,12
站,12
這是,12
大學,12
媒體,12
40,12
搞,12
那,12
舊片,12
重發,12
找,12
殺,12
🌍,12
反觀,12
🍠,12
係,12
EP006,12
重要,12
＿,12
七分,12
INSIDE,12
來賓,12
治療,11
網路,11
028,11
選擇,11
6,11
爸媽,11
完,11
容易,11
年前,11
女性,11
漫畫,11
北韓,11
派,11
師,11
蓋,11
爆發,11
最強,11
027,11
準備,11
還,11
1,11
參加,11
吵,11
麵,11
天,11
夢,11
🔞,11
月,11
憂鬱症,11
男生,11
菸,11
確診,11
病毒,11
別,11
時間,11
Ep,11
總,11
哲,11
聽過,10
人民,10
不同,10
哲學,10
創辦,10
輕人,10
正式,10
突破,10
經濟,10
大選,10
還會,10
有多狂,10
TikTok,10
一年,10
醫師,10
複,10
突然,10
決定,10
甚至,10
處,10
以前,10
團隊,10
詐騙,10
何要,10
026,10
設計,10
害怕,10
方式,10
解決,10
向,10
隻,10
等,10
偶像,10
抄襲,10
吸引,10
法律,10
秘密,10
遇到,10
東西,10
壞,10
正確,10
組織,10
越來,10
高,10
在家,10
直擊,10
再度,10
節目,10
面對,10
比較,10
2021,10
＃,10
EP007,10
伊朗,10
無限寶石,10
日,10
啾,10
讚,9
成,9
崛起,9
主角,9
以色列,9
不會,9
法,9
習近,9
拍,9
普丁,9
差,9
抗議,9
超級,9
8,9
課,9
真相,9
闆,9
全,9
推薦,9
一邊,9
辦法,9
更好,9
變,9
外交,9
Tinder,9
或,9
受害者,9
EP016,9
機會,9
起來,9
男,9
早餐,9
少女,9
走入,9
開始,9
EP019,9
老人,9
結婚,9
一堆,9
泰國,9
就要,9
校園,9
真心,9
三個,9
百萬,9
不斷,9
很多,9
無法,9
啊,9
電影,9
法官,9
即將,9
社群,9
父母,9
合理,9
當,9
霸凌,9
每天,9
一種,9
騷擾,9
瘋狂,9
小粉,9
印尼,9
EP008,9
之亂,9
深訪,9
黨,9
政黨,9
人格,8
黑道,8
9,8
新疆,8
發明,8
環境,8
迷因,8
各國,8
她,8
比賽,8
台南,8
輕,8
管理,8
032,8
通過,8
今年,8
厲害,8
結果,8
壓力,8
......,8
當年,8
這裡,8
破,8
一場,8
立委,8
030,8
保護,8
德國,8
時候,8
少年,8
全民,8
美食,8
超多,8
強迫,8
陷入,8
創,8
亂,8
標準,8
歲,8
EP015,8
怕,8
EP013,8
EP012,8
加入,8
人物,8
超過,8
真正,8
還能,8
可樂,8
台北,8
灣,8
土耳其,8
國,8
口罩,8
條例,8
外,8
澳洲,8
其他,8
烏克蘭,8
家人,8
安倍,8
注意,8
們,8
金,8
議題,8
Video,8
考,8
大火,8
法國,8
宋楚瑜,8
!,8
郭台銘,8
042,7
傳統,7
041,7
040,7
Netflix,7
共同,7
症候群,7
案,7
拿,7
救,7
名,7
性,7
吵架,7
＆,7
分析,7
髒,7
俄羅斯,7
持續,7
假,7
危險,7
034,7
不敢,7
反,7
集體,7
家暴,7
無,7
風險,7
2023,7
觀眾,7
宣布,7
記者,7
033,7
多少,7
亞洲,7
031,7
不想,7
和平,7
勞工,7
正在,7
不再,7
經典,7
減肥,7
反而,7
書,7
EP027,7
古人,7
進口,7
鏈,7
談,7
推出,7
攻擊,7
人口,7
引爆,7
黑洞,7
各地,7
公平,7
爸爸,7
50,7
集團,7
取代,7
員,7
常常,7
中華民國,7
70,7
NCC,7
怪,7
間諜,7
性侵,7
笑,7
廣告,7
EP024,7
叫,7
傷害,7
努力,7
049,7
式,7
學校,7
每次,7
勒索,7
+,7
直播,7
出國,7
多年,7
女王,7
失控,7
義,7
大利,7
拜,7
住,7
這種,7
抵制,7
大戰,7
週年,7
墨西哥,7
之外,7
IG,7
罷免,7
之前,7
幫,7
報告,7
5G,7
女,7
掉,7
時,7
引起,7
非洲,7
性別,7
菲律賓,7
正義,7
有效,7
EP009,7
石虎,7
奧運,7
更新,7
大麻,7
先,7
咖啡,7
試播集,7
措施,7
市長,7
基本,7
🐭,7
🧧,7
－,7
＋,7
大串,7
燒,7
發展,6
洗,6
過世,6
活動,6
營,6
喝酒,6
紅什麼,6
會員,6
改善,6
夯,6
合法,6
工程,6
絲,6
037,6
2024,6
挺,6
審查,6
036,6
神奇,6
作品,6
征服,6
何能,6
幫助,6
035,6
兒童,6
056,6
霸主,6
完全,6
藝人,6
第,6
適合,6
金正恩,6
傳奇,6
評價,6
髮,6
055,6
投票,6
禁忌,6
西亞,6
新加坡,6
054,6
做出,6
結束,6
這次,6
會有,6
政見,6
鬆,6
EP1,6
單身,6
抖音,6
高中生,6
年度,6
排行榜,6
國外,6
詐,6
巴黎,6
EP026,6
捲,6
生命,6
大法官,6
認證,6
藍色,6
發現,6
vs,6
店,6
052,6
EP022,6
心,6
工具,6
EP025,6
051,6
EP021,6
差點,6
面臨,6
改革,6
封殺,6
道,6
100,6
陰謀,6
變得,6
EP017,6
身為,6
EP014,6
不行,6
邪教,6
050,6
數位,6
EP011,6
EP010,6
上線,6
負責,6
048,6
整理,6
相信,6
蘇丹,6
047,6
總是,6
奇怪,6
冷知識,6
太,6
043,6
貴,6
品牌,6
感謝,6
來襲,6
羅,6
分,6
現身,6
超狂,6
抽,6
出征,6
電子,6
暴動,6
2022,6
過年,6
公共,6
快樂,6
feat,6
一週,6
理科,6
臉書,6
患者,6
11,6
只能,6
竟是,6
旅行,6
片,6
重新,6
什麼樣,6
實測,6
畢業,6
種族,6
歐洲,6
智慧,6
基因,6
內,6
禁止,6
告訴,6
"""",6
出來,6
魚乾,6
平台,6
規定,6
開放,6
自,6
一國,6
平權,6
討論,6
以,6
高雄,6
癒,6
新制,6
理由,6
談談,6
收入,6
國昌,6
大解密,6
Uber,6
24,5
超越,5
史,5
暗黑,5
組,5
近,5
值得,5
救星,5
失,5
何不,5
要求,5
038,5
顧,5
媽媽,5
型,5
兇,5
空污,5
地方,5
難以,5
買房,5
蛤,5
Huh,5
排隊,5
詞,5
冷,5
節,5
攻陷,5
監獄,5
禁,5
中國人,5
南韓,5
講什麼,5
人人,5
件,5
當初,5
造成,5
兇手,5
全台,5
所,5
醫生,5
心情,5
談戀,5
辱華,5
階級,5
有解,5
悲劇,5
上路,5
色,5
研究,5
深度,5
改用,5
整形,5
愛情,5
哭,5
統一,5
盤點,5
市場,5
一半,5
做到,5
只有,5
王,5
學習,5
效應,5
台灣會,5
出門,5
溝通,5
避免,5
回應,5
能源,5
…,5
福利,5
胖,5
一步,5
實驗,5
統戰,5
幕,5
沖,5
神聖,5
快,5
不管,5
檢舉,5
服務,5
廢除,5
誠,5
高達,5
AV,5
衝突,5
053,5
入侵,5
一帶,5
一路,5
根本,5
指控,5
違憲,5
結局,5
EP023,5
祭,5
別人,5
共識,5
本土,5
由,5
美,5
改造,5
升級,5
好好,5
烏俄戰爭,5
爆紅,5
回家,5
如此,5
困難,5
接,5
EP020,5
EP018,5
下去,5
人為,5
大國,5
90,5
佈,5
店家,5
機制,5
移民,5
快速,5
趴,5
喝,5
芭比,5
蟑螂,5
身體,5
天天,5
牛,5
最好,5
成人,5
好萊塢,5
抓,5
腳,5
感情,5
災難,5
崩潰,5
B,5
黑人,5
運作,5
伊拉克,5
取消,5
全都,5
身分,5
回憶,5
見,5
情緒,5
價值,5
千萬,5
官方,5
恐懼,5
是否,5
046,5
限制,5
044,5
完美,5
045,5
陪,5
好像,5
已經,5
精神,5
處理,5
通通,5
飯,5
追,5
斷交,5
公開,5
神,5
表示,5
計畫,5
A,5
足球,5
犯罪,5
特赦,5
還記,5
必看,5
地獄,5
法案,5
童年,5
宅,5
對方,5
電動車,5
時代來,5
臨,5
只要,5
排名,5
太太,5
元,5
病,5
王室,5
離開,5
報,5
３,5
兆,5
阿富汗,5
言論,5
狗,5
打架,5
網站,5
意識,5
大大,5
晉三,5
來臨,5
墮胎,5
權利,5
嗆,5
音樂,5
拒絕,5
藏,5
拯救,5
權,5
作,5
漫威,5
制裁,5
有些,5
水果,5
差別,5
國民黨,5
娃娃,5
部,5
好看,5
傳說,5
立場,5
爐,5
色情,5
魔力,5
中立,5
上街,5
之間,5
兩制,5
轉型,5
模型,5
餓,5
發大財,5
祕,5
教育部,5
事情,5
脫歐,5
鬼,5
美中,5
所以,5
＝,5
５,5
日常,5
盧秀燕,5
華為,5
專法,5
膜,5
鐘,5
字型,5
期,4
因,4
嚴格,4
覺,4
變裝,4
偷,4
雲,4
血汗,4
給,4
宗教,4
茶,4
管,4
搭,4
造假,4
陰謀論,4
下班,4
違法,4
累,4
創意,4
O,4
案件,4
牛肉,4
平,4
感覺,4
解釋,4
演唱,4
票房,4
美元,4
紀錄,4
強勢,4
一時,4
愚人,4
瑟瑟,4
發抖,4
暴力,4
引發,4
逐漸,4
沈,4
巧克力,4
寵物,4
被控,4
每年,4
明星,4
惹怒,4
兩國,4
俄國,4
戰士,4
鴨,4
難題,4
輸,4
使用,4
放棄,4
看過,4
推坑,4
影集,4
開戰,4
兩極,4
雜誌,4
發電,4
流量,4
矽谷,4
級,4
贏家,4
抱怨,4
課綱,4
憂鬱,4
專業,4
EP4,4
選人,4
EP3,4
間,4
核四,4
氣候,4
EP2,4
老鼠,4
術,4
留下,4
蔣,4
送,4
擋,4
癮,4
房價,4
N,4
求助,4
敢,4
罰,4
小學生,4
EP039,4
不該,4
率,4
亂象,4
棒棒,4
男孩,4
跳,4
熊,4
星座,4
女神,4
大量,4
19,4
被迫,4
蕩,4
安樂死,4
機器,4
人氣,4
男人,4
EP030,4
說法,4
進擊,4
版,4
暴跌,4
何,4
一言不合,4
潮流,4
界,4
丟,4
目的,4
傭兵,4
百年,4
進,4
沒落,4
開心,4
圈,4
重大,4
事故,4
帝國,4
遭,4
業配,4
協會,4
語言,4
退出,4
紛紛,4
青年,4
身邊,4
颱,4
風,4
停,4
老爸,4
拍片,4
炎上,4
品質,4
最新,4
作弊,4
人數,4
超強,4
蹟,4
逼,4
破壞,4
路,4
物理,4
產,4
諜,4
收,4
秘訣,4
犯法,4
不爽,4
選,4
諮,4
原型,4
線,4
魅力,4
土,4
放,4
害人,4
創傷,4
障礙,4
EP028,4
必要,4
057,4
辛苦,4
暗藏,4
MeToo,4
性騷擾,4
中毒,4
鬧,4
一切,4
打擊,4
看待,4
技術,4
15,4
民法,4
傳,4
真人版,4
技巧,4
拖延,4
一代,4
婚姻,4
表演,4
爆料,4
Joeman,4
專利,4
思考,4
剝削,4
鍾,4
～,4
找到,4
不見,4
立法,4
棒球,4
啤酒,4
邦交,4
幾個,4
漢堡,4
機,4
曲折,4
次,4
代言,4
資安,4
２,4
進行,4
修法,4
煉成,4
_,4
始末,4
終結,4
路霸,4
哥哥,4
冥婚,4
民眾,4
產生,4
網友,4
令,4
聲,4
飽,4
好吃,4
Fi,4
角色,4
女孩,4
小甜甜,4
租屋,4
生,4
拜登,4
環保,4
社交,4
敏感,4
練習,4
伊斯,4
蘭,4
手法,4
直銷,4
抗爭,4
app,4
出爐,4
女子,4
撞,4
下台,4
大量出,4
可信,4
教授,4
刺青,4
擔心,4
過勞,4
同時,4
其,4
美金,4
狗狗,4
透明,4
籤,4
仔,4
最高,4
作秀,4
造,4
塔利班,4
貝莉莓,4
200,4
跌落,4
彩虹,4
駭,4
常見,4
攻台,4
會成,4
訂,4
手機,4
亞馬遜,4
演習,4
cosplay,4
亞,4
缺電,4
國民,4
恐龍,4
滅絕,4
離婚,4
主義,4
憲法,4
變態,4
紅,4
改,4
IE,4
好笑,4
精彩,4
最早,4
少,4
逃犯,4
就會,4
綁,4
保證,4
很少,4
擁有,4
廢,4
奧斯卡,4
同一,4
Ａ,4
QA,4
刪,4
獨立,4
下架,4
台語,4
輿論,4
遵守,4
三,4
尾牙,4
摸,4
斷,4
龍,4
脈,4
補習,4
劑,4
shorts,4
玩家,4
正反,4
比特,4
酒,4
整個,4
聖誕,4
聰明,4
測驗,4
三接,4
藻礁,4
礁,4
上班,4
頻傳,4
募資,4
辛酸,4
配音,4
考試,4
豬瘟,4
機師,4
困境,4
出版,4
東京,4
規則,4
伴侶,4
訂閱,4
藝術,4
海洋,4
衝擊,4
牆,4
不夠,4
五個,4
同婚,4
情人,4
欠,4
所有,4
西班牙,4
/,4
榮,4
&,4
公室,4
保育,4
加拿大,4
家長,4
敘利亞,4
禁令,4
晚睡,4
限塑,4
上演,4
教召,4
WHO,4
肉,4
蒙古,4
捷克,4
館長,4
火星,4
民族,4
手,4
歐盟,4
道德,4
化,4
拉,4
鋼彈,4
歡歡,4
港警,4
輪,4
各國應,4
2019,4
賴清德,4
完整,4
情仇,4
禮物,4
捷運,4
251,4
檳榔,4
浪費,4
張善政,4
呱吉,4
視網,4
資訊,4
物聯網,4
愛恨,4
昭順,4
學會,4
列車,4
醫療,4
秋行,4
軍蟲,4
周錫瑋,4
朱立倫,4
九二,4
嘎啦,4
鞋,4
柯,4
一波,4
特質,3
美國人,3
三大,3
入門,3
改版,3
新手,3
039,3
人才,3
世代,3
洗澡,3
屁股,3
勝利,3
Threads,3
再起,3
減脂,3
教練,3
私房,3
女兒,3
震驚,3
代理,3
憑空,3
巴掌,3
扯,3
米其林,3
佔,3
記憶,3
大腦,3
成立,3
數據,3
創作,3
貼,3
識,3
點,3
社工,3
繼續,3
洗腦,3
警方,3
總理,3
死亡,3
裡面,3
客,3
預測,3
訊息,3
萬訂閱,3
剩,3
病患,3
升溫,3
會導致,3
麥當勞,3
身心,3
不停,3
ChatGPT,3
球王,3
700,3
生存,3
獄,3
防治法,3
樣子,3
解,3
符號,3
中文,3
摳,3
全家,3
卡,3
戰,3
十大,3
書店,3
尷尬,3
炒,3
親戚,3
EP031,3
26,3
一生,3
醜聞,3
黑金,3
照,3
照顧,3
大馬,3
盜版,3
架,3
地表,3
生物,3
螃蟹,3
模式,3
軟體,3
員工,3
維持,3
洗碗,3
立法院,3
公民,3
聯盟,3
愛的,3
第三,3
走向,3
幼兒園,3
恢,3
遺症,3
推手,3
難民,3
味,3
便宜,3
號房,3
無門,3
週刊,3
繩,3
多久,3
違停,3
108,3
BLACKPINK,3
養,3
噤聲,3
幫忙,3
博物,3
惡作劇,3
過度,3
占星,3
蛋,3
充滿,3
粉絲,3
報導者,3
調查,3
女童,3
崇拜,3
不住,3
免費,3
訓練,3
EP038,3
自殺,3
惹,3
不合理,3
如今,3
離職,3
何變,3
觀光,3
近平,3
兩年,3
照片,3
開票,3
魔神,3
上百,3
一般,3
尿,3
黑,3
059,3
正面,3
年來,3
槓上,3
龍頭,3
狂歡,3
歌手,3
金曲,3
樂,3
位,3
消防,3
一再,3
退休,3
上海,3
反共,3
12,3
傑,3
風格,3
競賽,3
地,3
接受,3
智障,3
百萬人,3
成名,3
睡覺,3
外國人,3
翻,3
畫師,3
運,3
明年,3
經營,3
唬爛,3
偵查,3
YT,3
憑什麼,3
稱霸,3
炸裂,3
笑話,3
動漫,3
宣,3
鼠,3
共存,3
600,3
跨國,3
機率,3
污染,3
不吃,3
不如,3
嬰兒,3
一張,3
豪宅,3
寶可夢卡牌,3
手語,3
迎,3
星巴克,3
感,3
058,3
明人,3
上班族,3
年齡,3
核武,3
天生,3
其實超,3
女裝,3
反同,3
新高,3
霸道,3
條款,3
倦怠,3
真能,3
可,3
雪莉,3
王者,3
自動,3
年薪,3
纏身,3
巨星,3
履歷,3
包,3
經驗,3
直接,3
糾葛,3
韓國人,3
人人喊打,3
退,3
午餐,3
機車族,3
兩段,3
左轉,3
回來,3
研究生,3
打電動,3
延燒,3
吃案,3
週休,3
三日,3
韭菜,3
很大,3
哪來,3
居家,3
精品,3
假貨,3
電視,3
風靡,3
地下,3
慘遭,3
眼球,3
忍不住,3
玩過,3
閃,3
80,3
博士,3
魚,3
迪士尼,3
生意,3
放過,3
結衣,3
大牌,3
始祖,3
食品,3
現代人,3
脫,3
波音,3
最終,3
販賣,3
得出,3
滿,3
人性,3
保母,3
時事,3
推銷,3
特色,3
起,3
最難,3
披薩,3
口味,3
功能,3
山寨,3
基地,3
槓,3
桃園,3
不准,3
修圖,3
槍,3
原本,3
身,3
籃球,3
P,3
投,3
方便,3
台灣人,3
這支,3
稱,3
SBD,3
現實,3
貓咪,3
資料,3
科學家,3
原住民,3
加,3
男女,3
擺脫,3
不滿,3
成就,3
平等,3
不忍,3
新年,3
紐西蘭,3
聽到,3
確定,3
三星,3
火箭,3
何方,3
密碼,3
強,3
達,3
飽妮,3
最愛看,3
家家酒,3
轟炸,3
資本,3
眼鏡,3
入,3
一天,3
萬人,3
奇,3
超勵,3
志,3
小時,3
交換,3
分手,3
全部,3
地球,3
最愛的,3
沒用,3
盃,3
山,3
蘋果,3
掰,3
博恩,3
穆斯林,3
緣,3
電話,3
懺悔,3
300,3
多名,3
荒謬,3
自信,3
參選,3
18,3
回收,3
現,3
將,3
可不,3
病人,3
漲,3
意外,3
5000,3
機密,3
美化,3
生小孩,3
先來,3
實超,3
文字,3
🤔,3
十年,3
關,3
大受,3
歡迎,3
梗圖,3
催眠,3
狼,3
目標,3
打造,3
有多強,3
鐘看,3
或成,3
首相,3
千年,3
曝光,3
・,3
下載,3
鋼,3
蘇聯,3
偉人,3
器官,3
還好,3
光光,3
神器,3
宮廟,3
天堂,3
女僕,3
上千,3
資訊戰,3
沈伯洋,3
抗,3
閱制,3
場,3
乖乖,3
哥,3
遇過,3
陰廟,3
家樂福,3
聯合國,3
花,3
自我,3
鐘帶,3
傷身,3
臉,3
修,3
這件,3
外星人,3
驚,3
絕對,3
殭,3
現場,3
花錢,3
知名,3
淪,3
工廠,3
女星,3
證據,3
VS,3
世紀,3
落幕,3
大事,3
回覆,3
標,3
令人,3
哇,3
獨裁者,3
偷拍,3
多重,3
篩,3
煙,3
鐵,3
工會,3
陌生人,3
自保,3
相處,3
罪,3
權力,3
二代,3
耍,3
大象,3
一家,3
14,3
下集,3
上集,3
狀況,3
比例,3
謎,3
生氣,3
泡,3
唱,3
粽,3
我要,3
最近,3
看志祺,3
加害者,3
一下,3
二度,3
進來,3
孕婦,3
建築,3
酒駕,3
駕,3
澳門,3
之王,3
分享,3
碳,3
交易,3
街訪,3
代表,3
價值觀,3
探照,3
燈,3
高智商,3
珍愛藻,3
號稱,3
離,3
症狀,3
大補,3
帖,3
",",3
隊,3
背後有,3
涉及,3
本,3
片基,3
普及,3
高度,3
Vtuber,3
專屬,3
改名,3
見證,3
何時,3
電獺,3
幣,3
僑生,3
產品,3
演,3
齣,3
嘔,3
下標,3
清算,3
運動員,3
解密,3
遇襲,3
活下去,3
選手,3
撲,3
毛,3
迅速,3
揭發,3
21,3
777,3
優勢,3
親中,3
戴,3
不怕,3
瑞典,3
金融,3
2020,3
上架,3
紓,3
網膜,3
意思,3
共機,3
吳宗憲,3
展現,3
挑,3
布蘭妮,3
認錯,3
流派,3
公園,3
白,3
噪音,3
國產,3
淹水,3
選美,3
阿公,3
臭,3
哪個,3
招,3
登上,3
版權,3
王蟲,3
出動,3
第二,3
大英,3
原住,3
女學生,3
華航,3
弱勢,3
風向,3
合法化,3
４,3
緬甸,3
感冒,3
崩壞,3
態度,3
回事,3
大潭,3
生態,3
方案,3
梨,3
人要,3
你家,3
大作,3
真是假,3
誕生,3
翁山,3
蘇姬,3
應,3
回,3
超主觀,3
兄弟,3
美豬,3
監控,3
隱私,3
歷程,3
😲,3
聖誕節,3
一支,3
Pornhub,3
寶寶,3
LINE,3
重,3
行政院,3
金馬,3
互動,3
利亞,3
根據,3
體質,3
Q,3
影響力,3
2.0,3
設計展,3
一件,3
虛擬,3
野外,3
外宣,3
小熊,3
再見,3
感染,3
埃及,3
卍,3
策略,3
蔡阿嘎,3
菜花,3
肆虐,3
—,3
蚊子,3
廳,3
口蹄疫,3
巴基斯坦,3
而且,3
國安法,3
脫北者,3
舉辦,3
典禮,3
六四,3
門,3
學運,3
解答,3
掌握,3
證,3
失去,3
行為,3
火災,3
瘟疫,3
基金,3
森林,3
反對,3
耿爽,3
強森,3
新知,3
流感,3
張志祺,3
統促,3
協議,3
主張,3
Foodpanda,3
反年,3
李佳芬,3
反滲,3
透法,3
設計獎,3
變好,3
帳號,3
救援,3
交友,3
台鐵,3
必備,3
大遊行,3
同居,3
南方澳,3
集集,3
林,3
客家,3
提供,3
韓貿易戰,3
梗,3
幸福,3
信用制度,3
職場,3
聊,3
航空,3
奧,3
地利,3
堅持,3
伊,3
波拉,3
提高,3
公斤,3
聖母院,3
背心,3
斯里蘭卡,3
零錢,3
普悠瑪,3
禁藥,3
Ｐ,3
形態,3
前夕,3
春節,3
2018,3
輩,3
金魚腦,3
谷,3
工作室,3
吃素,3
灣吧,3
制服,3
大嘴巴,2
王國,2
傷痛,2
世上,2
90%,2
樂團,2
三角,2
皇后,2
替,2
孝女,2
白琴,2
現代人還,2
有意,2
什麼現,2
老年,2
越南,2
地產,2
富豪,2
遶,2
境,2
算,2
好喝,2
喝茶,2
京盛宇,2
塑膠,2
→,2
癌症,2
王妃,2
下滑,2
每集,2
東山,2
慢跑,2
佼,2
至今,2
航空史,2
之光,2
大力,2
打房,2
價,2
中國房,2
第一次,2
前世,2
色色,2
專區,2
最愛,2
搜尋結果,2
躺平,2
無感,2
EP5,2
Manny,2
商業,2
趨勢,2
不惜,2
經紅極,2
剴,2
俄,2
習,2
思想,2
罪犯,2
回國,2
海地,2
遭到,2
襲擊,2
覺為,2
缺氧,2
神隱,2
炸彈,2
狗肉,2
魔戒,2
奇幻,2
玄學,2
兩會,2
500,2
一部,2
畫家,2
育兒,2
男校,2
帶來,2
住院,2
化學,2
護航,2
疲,2
海底,2
撈,2
風暴,2
顏色,2
人心,2
菜,2
香菇,2
挑食,2
比電,2
痘痘,2
臉部,2
皮膚,2
專家,2
行李,2
航空公司,2
踢球,2
梅西,2
家,2
閉潮,2
上任,2
議員,2
菁英,2
進食,2
必去,2
關門,2
魔,2
中世紀,2
孩童,2
反增,2
這麼強,2
會後悔,2
鍵盤,2
小偷,2
熱門,2
只排,2
猴子,2
劈,2
腿,2
排行,2
迴,2
玩什麼,2
熱氣氛,2
萊斯,2
躲,2
私心,2
韓劇,2
南北,2
施明德,2
白頭,2
一蹶不振,2
救命,2
建商,2
落,2
養魚,2
一輩子,2
沉重,2
怪物,2
百位,2
最喜歡,2
張,2
導演,2
租,2
熊貓,2
旅外,2
辦到,2
門口,2
068,2
筆記,2
傳染,2
067,2
請,2
冬天,2
066,2
台灣能,2
破產,2
權益,2
位候,2
貼文,2
怎麼樣,2
進步,2
重啟,2
偏袒,2
認同,2
不可,2
租金,2
各有,2
熱量,2
效果,2
秘密武器,2
主席,2
早就,2
預告,2
三色,2
豆,2
followheart,2
簡體,2
介石,2
男友,2
065,2
台版,2
抽脂,2
副作用,2
不可分割,2
睡前,2
Emma,2
睏,2
躺,2
央行,2
投票率,2
99%,2
有救,2
文言文,2
人狂,2
搜尋,2
一手,2
命運,2
教父,2
平凡,2
小朋友,2
教科,2
美少女,2
常,2
吉卜力,2
曹興,2
好市,2
約,2
95%,2
官員,2
假冒,2
換臉,2
經紀,2
不起,2
館,2
下來,2
童話,2
獲得,2
出去,2
缺蛋,2
形成,2
報導,2
負擔,2
全美,2
命案,2
謊言,2
地鐵,2
電,2
吸引力,2
遊,2
犬,2
超煩,2
取,2
興起,2
席,2
勝地,2
玩具,2
刀,2
不實,2
民進,2
劇情,2
公務員,2
販運,2
外籍,2
生來,2
讀書,2
強制,2
副業,2
神作,2
中國會,2
狂漲,2
4000,2
合集,2
何人,2
錯誤,2
064,2
萬元,2
台幣,2
廚餘,2
分類,2
嘲笑,2
99,2
紅燈,2
越貴,2
EP037,2
渣,2
以巴,2
小紅書,2
擄,2
課本,2
鴉片,2
EP036,2
物化,2
紀錄片,2
F1,2
忽然,2
記得,2
失憶,2
063,2
殉職,2
紅遍,2
賣國賊,2
支付,2
寶,2
翻牆,2
老婆,2
尼斯,2
忘記,2
還在,2
砸,2
新戰場,2
主題,2
告,2
想到,2
為國,2
何曾,2
國家隊,2
抹黑,2
斷章,2
取義,2
新聞亂,2
出走,2
司法,2
評選,2
奇物語,2
買到,2
鑽,2
運氣,2
壞事,2
商機,2
13,2
卻害,2
鮮奶,2
貴到,2
何會變,2
成長,2
政變,2
雜,2
碰,2
精心,2
決,2
不了,2
還得,2
IKEA,2
武器,2
中獎,2
福島,2
飲食,2
身價,2
柴犬迷,2
雨林,2
難道,2
規劃,2
心法,2
一片,2
死亡率,2
預防,2
新宿,2
給大學,2
新鮮人,2
救災,2
擺,2
暴雨,2
潮,2
老高,2
相同,2
致富,2
傾家,2
成熟,2
實際,2
062,2
海默,2
痛批,2
鶴,2
The,2
愛台,2
道理,2
EP035,2
暴增,2
總裁,2
冷氣,2
南亞,2
遭殃,2
兩週,2
推特,2
參戰,2
責任,2
同工同酬,2
MBTI,2
頂尖,2
破百,2
舞台,2
走紅,2
謊,2
面試,2
窮,2
千元,2
夜市,2
玩遊戲,2
消費,2
EP029,2
全國,2
061,2
影音,2
選項,2
遲,2
法院,2
計算,2
黑手,2
神獸,2
秘辛,2
熱潮,2
何現,2
割,2
連發,2
鉛,2
汽油,2
藥,2
家族,2
暴走族,2
成員大,2
出事,2
遺物,2
內戰,2
超常,2
整天,2
正常,2
看不到,2
玩笑,2
講錯,2
重罰,2
脫口秀,2
關台,2
縣市,2
錯失,2
060,2
違,2
堪稱,2
暗網,2
負債,2
暴走,2
阻止,2
水,2
遇上,2
是不是,2
拿掉,2
會不會,2
移工,2
過頭,2
嫌,2
志祺說,2
大崩潰,2
幫台灣,2
四個,2
實用,2
共濟會,2
魠,2
國王,2
汽車,2
質疑,2
歐美,2
EP034,2
被譽,2
還比較,2
划算,2
住宿,2
最後竟,2
085,2
二二八,2
學者,2
有何,2
威力,2
名人,2
空中,2
停產,2
正向,2
戒指,2
香菸,2
沈重,2
光頭,2
男童,2
大眾,2
灰色,2
要來,2
死刑,2
徵,2
熱血,2
一大堆,2
何成,2
特,2
左撇子,2
嗅覺,2
百事,2
可口,2
安危,2
打敗,2
影視,2
玫瑰,2
慟,2
斜,2
鳳梨,2
矛盾,2
黑暗,2
自拍,2
容貌,2
入坑,2
網球,2
身材,2
相,2
哪一個,2
教徒,2
掌權,2
武統,2
會變,2
職籃,2
起飛,2
駭客,2
花大錢,2
中心,2
動作,2
忍受,2
平均,2
奶精,2
拉肚子,2
區,2
達人,2
邱個,2
Taiwan,2
琳,2
切割,2
開打,2
網,2
規模,2
割包皮,2
注音,2
該用,2
啥,2
進入,2
毒品,2
梟,2
風潮,2
氣球,2
一顆,2
不明,2
艦隊,2
天王,2
這塊,2
背景,2
惡鄰,2
居吵,2
管委,2
曆,2
禁用,2
財閥,2
超徵稅,2
九天,2
pinpinponpon627,2
蘋蘋澎澎,2
氣味,2
主義的,2
本體,2
恐,2
訊號,2
Cosplay,2
教會,2
發光,2
永遠,2
薪水,2
一度,2
沒人,2
變種,2
精子,2
狗血,2
再到,2
超像,2
囚犯,2
人工智慧,2
億萬,2
富翁,2
車牌,2
澡堂,2
金牌,2
何後來,2
沙漠,2
Kobe,2
付出,2
救世主,2
情結,2
自戀,2
冒犯,2
迷戀,2
遺傳,2
犯下,2
柬埔寨,2
出書,2
覺醒,2
榜單,2
第四,2
執行,2
看見,2
收購,2
晚上,2
講話,2
不絕,2
躁鬱症,2
FIFA,2
屁孩,2
干政,2
投案,2
賠,2
超好,2
上台,2
咖,2
起房,2
掀起,2
購物,2
越大,2
雞雞,2
共,2
打過,2
緊急,2
失智症,2
海嘯,2
重機,2
高雄人,2
走鐘,2
二十大,2
074,2
修女,2
形象,2
獨裁,2
愛看,2
97%,2
擊案,2
行動,2
社團,2
小費,2
律師,2
自閉,2
凍卵,2
47,2
殺警案,2
不公,2
連任,2
可憐,2
面,2
自稱,2
新創,2
醫美會,2
得不到,2
評審,2
鋼琴,2
半導體,2
指考,2
滑,2
慮,2
排毒,2
另一半,2
連鎖,2
投資,2
SHEIN,2
還出現,2
化身,2
控制,2
涉嫌,2
包庇,2
狼師,2
優班,2
山上,2
揭開,2
避難,2
大重點,2
個步驟,2
參觀,2
巨乳,2
靈異,2
超能力,2
片商,2
玻璃,2
T,2
零卡,2
手遊,2
太陽能,2
設置,2
鼓勵,2
棄養,2
珍奶,2
地圖,2
送入,2
戈巴契夫,2
千古罪人,2
精密,2
台積電,2
全職,2
實況,2
主,2
睡眠不足,2
猥褻,2
31,2
有事,2
擠,2
低端,2
平常,2
飛機,2
船,2
百慕達,2
模仿,2
劍,2
谷底,2
挖,2
鐘獎,2
彩繪,2
台海,2
團,2
廠,2
超嚴,2
苛,2
戰術,2
即,2
將成,2
記憶體,2
賣出,2
一中,2
電商,2
讀到,2
哈佛,2
什麼關,2
靈驗,2
超會,2
電價,2
軍事,2
萬安演習,2
漢光,2
球探,2
巨大,2
安妮,2
反正,2
十分,2
保障,2
身亡,2
工地,2
提神,2
裸體,2
天然,2
騙局,2
獵巫,2
被關,2
孩子,2
受到,2
情感,2
忽視,2
號,2
謀,2
轟動,2
推翻,2
眾怒,2
電車,2
飲料,2
16,2
騷,2
擾,2
變身,2
開新,2
攝影師,2
竄,2
坑,2
驚人,2
猖獗,2
瀏覽器,2
落成,2
一點,2
酒店,2
白天,2
逃出,2
旋風,2
創造,2
山大,2
特洛伊,2
神話,2
審判,2
強尼戴普,2
慶祝,2
船員,2
重來,2
蔓延,2
怒,2
轟,2
尊重,2
高速公路,2
想交換,2
繞,2
這集,2
感想,2
同樣,2
舒服,2
醫院,2
特定,2
廠商,2
盯上,2
自願,2
商圈,2
港,2
地名,2
家庭,2
會傷,2
軟,2
硬派,2
畫圖,2
餐,2
飲業,2
臨破產,2
北約,2
七,2
八年,2
超難,2
升學,2
流傳,2
發起,2
犯,2
暖心,2
處女,2
醬,2
致癌,2
幾歲,2
求婚,2
阿,2
劇本,2
演化,2
失調,2
智商,2
遠端,2
幾萬訂閱,2
反中,2
素人,2
天下,2
鄉民,2
境外,2
勢力,2
索羅門,2
脫離,2
剖腹,2
四川,2
正義的,2
被捕,2
人大,2
逃離,2
答案,2
場景,2
轉生,2
金球,2
街,2
藝術家,2
二戰,2
活,2
愛上,2
憤怒,2
新竹,2
一碗,2
的網,2
做好,2
第一名,2
沒看,2
落伍,2
紅包,2
連假,2
父親,2
認為,2
加班,2
歌,2
當飯,2
美輪,2
明宏,2
影展,2
調,2
重點,2
技職,2
風氣,2
不減,2
Omicron,2
西安,2
帶貨,2
薇,2
冠,2
誤會,2
餐盒,2
刑責,2
善意,2
QQ,2
給他,2
戒嚴,2
暗殺,2
夫人,2
神壇,2
白羅斯,2
進度,2
孝親費,2
意義,2
大便,2
市值,2
大屠殺,2
萊豬,2
無往,2
不利,2
遷址,2
空巢,2
Costco,2
暴雪,2
metoo,2
(,2
📜,2
),2
競標,2
論,2
電磁波,2
微波,2
下方,2
宣言,2
幾內亞,2
曼德拉,2
翻身,2
拿來,2
瘋傳,2
緊張,2
戀童,2
癖,2
預備,2
黑箱,2
媛,2
悲慘,2
億人,2
降臨,2
仇恨,2
過去,2
街頭,2
之死,2
|,2
高端,2
作業,2
今晚,2
討人厭,2
便當,2
薩爾瓦多,2
找回,2
半夜,2
墳,2
墓,2
明牌,2
窮人,2
猜,2
中正,2
老司,2
斷網,2
車價,2
下令,2
潛規則,2
再也,2
唯一,2
肉品,2
走私,2
Delta,2
檢疫,2
半導,2
體產業,2
三大爭議,2
漁業,2
藝術品,2
鮮,2
大廈,2
凶宅,2
糟糕,2
對抗,2
趙,2
解散,2
中國為,2
要講,2
防腐,2
要花,2
分裂,2
靈魂,2
人會,2
過程,2
太胖,2
牠,2
城,2
垮台,2
代價,2
客觀,2
鍊,2
台獨,2
希望,2
弊端,2
建議,2
劉,2
先生,2
拿下,2
最佳,2
體育,2
合,2
完成,2
第七次,2
週邊,2
期間,2
17,2
打不倒,2
3C,2
隱形,2
不傷,2
些,2
旅遊,2
滿天飛,2
南海,2
禁書,2
一本,2
經過,2
陪伴,2
者,2
心得,2
恐怖份子,2
看法,2
盛行,2
停刊,2
實驗室,2
屏東,2
目前,2
求生,2
捨,2
戰狼,2
戰什麼,2
想靠,2
八卦,2
百大,2
炸雞,2
低調,2
人員,2
還沒,2
因素,2
超市,2
即刻,2
展開,2
教官,2
泥,2
裸,2
自然,2
漏洞,2
AZ,2
狀,2
檢測,2
任,2
未必,2
超前,2
回歸,2
PTT,2
認知,2
停電,2
鬼鬼,2
KOL,2
定,2
抵抗,2
超大,2
最潮,2
腥羶,2
新作,2
北愛爾蘭,2
瑞莎,2
匿名,2
愛爾蘭,2
釋憲,2
賽,2
宣告,2
初,2
練,2
以後還,2
你夠,2
爆雷,2
永別,2
拋棄,2
充氣,2
太魯閣號,2
捐款,2
鮭魚,2
要成,2
重出江湖,2
袖手,2
旁觀,2
中國戰,2
沙塵暴,2
底片,2
激增,2
心態,2
冰塊,2
該付,2
妥協,2
海賊,2
剖析,2
稀有,2
催情,2
暫停,2
台灣鳳,2
法則,2
吃播,2
要換,2
離奇,2
辦桌,2
上菜,2
維基,2
實習,2
意義是,2
習慣,2
授權,2
大聊,2
來聊,2
給志祺,2
通勤,2
台美關,2
力量,2
Pui,2
~,2
可愛的,2
天竺鼠,2
拿到,2
公眾,2
負起,2
談判,2
蘇格蘭,2
高三,2
網購,2
2000,2
商品,2
儀式,2
小站,2
大評,2
千千,2
川,2
英國脫,2
上課,2
補眠,2
捷,2
比亞,2
嗨,2
同意,2
非,2
連續,2
擴散,2
求,2
消除,2
另,2
咒語,2
一百年,2
溫馨,2
隱藏,2
可管,2
糧食,2
獨立樂團,2
高潮,2
及,2
約會,2
AA制,2
各,2
我婆,2
雷姆,2
裏,2
心碎,2
Tim,2
第一天,2
喝牛奶,2
最怕,2
啟齒,2
男性,2
失敗,2
日子,2
黑色,2
曬,2
嬤,2
置,2
會繼續,2
風波,2
跨,2
生性,2
侵案,2
奈及,2
諾貝爾,2
疾病,2
想像,2
美國大選,2
鬼滅,2
之刃,2
壓床,2
使者,2
正,2
中天,2
界線,2
元首,2
當選,2
人權,2
講到,2
斷升級,2
瘦菌,2
生日,2
冰水,2
生理期,2
溫體,2
大比拼,2
柚子,2
乳,2
中秋,2
據,2
中國間,2
層出,2
不窮,2
碎,2
珊瑚,2
友善,2
暴怒,2
議長,2
聯賽,2
爆炸,2
黎巴嫩,2
聖索菲亞,2
教堂,2
清真寺,2
趕快,2
雙重,2
醫材,2
上限,2
重重,2
健保署,2
這項,2
背後其,2
多人,2
開發,2
彰化,2
吉祥,2
惡,2
象,2
阿拉伯,2
考驗,2
美感,2
婦,2
酵素,2
李登輝,2
防火,2
過得,2
有害,2
走路,2
還願,2
大考,2
介,2
親,2
發錢,2
路上,2
虐待,2
大放送,2
手搖杯,2
人家,2
大同,2
經營權,2
之爭,2
明天,2
紐約,2
腐女,2
能救,2
3D,2
大亂鬥,2
反骨,2
櫻桃,2
日環食,2
登場,2
台灣民眾,2
順利,2
遭遇,2
異,2
機械,2
吉祥物,2
看光,2
對象,2
里程碑,2
命,2
天安,2
坦克,2
跳票,2
牛仔,2
獲,2
傅,2
崑,2
萁,2
煉金術,2
出櫃,2
模擬,2
霸權,2
中原,2
動物園,2
群島,2
瑞士,2
別說,2
醫護,2
瑞德,2
西韋,2
Lo,2
House,2
技能,2
流浪,2
破除,2
ﾉ,2
志祺在,2
減輕,2
這樣子,2
寶可夢,2
呼籲,2
衛生,2
內政部,2
生效,2
股市,2
買單,2
不顧,2
編反,2
淪陷,2
正當,2
極權,2
佛系,2
障礙者,2
蝗蟲,2
進化,2
傳播,2
公布,2
壹,2
自主,2
白色恐怖,2
勒,2
話題,2
寄生,2
上流,2
公告,2
黑鷹,2
離岸,2
公主,2
徐,2
大絕,2
香,2
還敢,2
^,2
內閣,2
雞排,2
通力,2
加泰隆,2
尼亞,2
王立強,2
母語,2
直升,2
寂寞,2
綠,2
共諜,2
拼,2
川普彈,2
劾,2
演算法,2
郭,2
婞,2
淳,2
芬蘭,2
巴布,2
示威者,2
開張,2
移,2
創黨,2
關心,2
蘭嶼,2
行銷,2
金馬獎,2
玻利維亞,2
吳斯懷,2
葉毓蘭,2
黨紀,2
大會,2
失業,2
王金平,2
台中,2
曲,2
搞笑,2
柔性,2
抗爭者,2
日光,2
節約,2
村,2
區塊,2
≠,2
蘇貞昌,2
同志,2
同佳,2
民生,2
巨蛋,2
修正案,2
酸民,2
終於,2
應用,2
NBA,2
諾貝爾獎,2
不得,2
逃亡,2
徐國勇,2
厄瓜,2
大橋,2
你好,2
山竹,2
實彈,2
左,2
何韻詩,2
皮卡丘,2
攝影棚,2
Lamigo,2
921,2
蜜蜂,2
農藥,2
撿,2
戀者,2
揪,2
體制,2
口,2
推動,2
部長,2
林昀,2
儒,2
張麗善,2
巴西,2
FB,2
發票,2
競選,2
逆,2
新一代,2
母湯,2
無性,2
懶,2
發財,2
女足,2
SOP,2
女鬼,2
京阿尼,2
中華,2
國安局,2
板橋,2
負面,2
林佳龍,2
一口,2
土龍,2
高跟鞋,2
大人物,2
利比,2
爸,2
工輔法,2
',2
s,2
艾琳,2
福衛七號,2
資源,2
榮空,2
服員,2
無所,2
鄭月,2
娥,2
剛果,2
阻擋,2
揭,2
海中,2
巨獸,2
膳食,2
纖維,2
蔣萬安,2
政者,2
總機,2
自經區,2
不算,2
748,2
懶人,2
出生,2
同性,2
隨機,2
人犯,2
有點,2
委內,2
瑞拉,2
讞,2
機車,2
盲點,2
探究,2
瘋什麼,2
管管,2
粉專,2
共通,2
那個,2
而是,2
五毛,2
信用,2
孤獨,2
防制,2
角度,2
撕裂,2
維尼,2
酸,2
標題,2
這啦,2
初五,2
性交易,2
九,2
合一,2
倒數,2
左膠,2
翻覆,2
漩渦,2
久,2
手式,2
胡子,2
操弄,2
時尚,2
和弦,2
朔,2
迷離,2
強行,2
YJ,2
情史,2
煌,2
那大,2
化妝,2
Vlog,2
處境,2
造勢,2
晚會,2
正名,2
叫做,2
每個,2
早,2
自習,2
第三性,2
審,2
想過,2
外國,2
看不懂,2
無縫,2
接軌,2
屠殺,2
變胖,2
營養,2
軍隊,2
三種,2
觀感,2
一屆,2
鄉土劇,2
超展,2
🚫,2
小玉,2
標楷體,2
月減,2
小教室,2
生死,2
傷痕,2
自殺者,2
遺族,2
呂芯,2
秦老師,2
鐘認識,2
敦安,2
恐怖片,2
鐘轉型,2
守法,2
發問,2
國際觀,2
球迷,2
咦,2
差異,2
牛票,2
坐,2
﻿,1
來台,1
主唱,1
愛紗,1
異鄉,1
打拼,1
千田愛紗,1
aisasenda1108,1
揮,1
腎,1
腎率,1
遠,1
親人,1
很多年,1
仍,1
不出,1
悲傷,1
障礙症,1
喪親,1
之痛,1
披頭,1
四為何,1
視為,1
強樂團,1
挖掘,1
內心,1
黑暗面,1
中國家長,1
滿點,1
虎媽,1
戰歌,1
第一位,1
總冠,1
人流,1
淚,1
哭喪,1
義嗎,1
劉君玲,1
最會,1
西瓜,1
維生,1
叱吒風,1
山口,1
俱樂部,1
侵吞,1
千億元,1
大亨,1
張美蘭,1
盜用,1
海花變,1
台灣媽,1
祖,1
大甲媽祖,1
白沙,1
屯媽祖,1
品茗,1
選茶,1
人林昱,1
丞,1
jsytea,1
三體,1
劉慈欣,1
集中,1
爆發辱,1
華爭議,1
支配,1
材料,1
海龜,1
殺手,1
何台,1
男常,1
很醜,1
Plain,1
me,1
英國凱特,1
喝一杯,1
年輕,1
飲酒率,1
靜香,1
小新露,1
二次元,1
色圖,1
該管,1
之際,1
停火,1
以哈戰爭,1
入迷,1
中國微,1
短劇,1
脆又紅,1
何愛用,1
跑步,1
喘,1
控糖,1
徐棟,1
英老師,1
tongyinghsu,1
連黃子,1
期販賣,1
非法性,1
私密,1
影像,1
還逍,1
遙法外,1
重病,1
害照,1
孟喬森,1
航,1
MH370,1
格鬥,1
上百人,1
送醫,1
幾乎,1
中南部,1
湯憑,1
小吃,1
紅到,1
儘,1
房,1
沒輒,1
最塞,1
城市,1
塞車,1
D,1
é,1
j,1
à,1
vu,1
來過,1
既視感,1
bug,1
沒辦法,1
師偷放,1
彩蛋,1
搜尋冷,1
創下,1
還為,1
泰勒,1
低薪,1
窮忙,1
無望,1
有理,1
亮眼,1
許多人,1
曼報,1
穩定,1
韓式,1
貼機,1
登台,1
機為何,1
起死回生,1
還越,1
開越,1
多家,1
減,1
痛感,1
支那,1
本來,1
知,1
盤,1
怠忽,1
職守,1
兒盟,1
不善,1
中央,1
互,1
踢皮球,1
贏了,1
俄國人,1
愛普丁,1
烏戰爭,1
中國學校,1
新教材,1
教什麼,1
3800,1
逃跑,1
還無法,1
超百人,1
硬碟,1
奈米,1
HDD,1
SSD,1
要禁,1
何改,1
打呼,1
窒息,1
睡眠,1
呼吸,1
中止,1
半世,1
紀,1
桐島聰,1
自首,1
血腥,1
周處,1
除,1
三害,1
全面禁止,1
精靈族,1
文學大,1
前輩,1
譯者,1
李函,1
預測師,1
平重視,1
大秀,1
演什麼,1
看點,1
洩露,1
退稿,1
漫畫家,1
傳奇漫,1
鳥山明,1
太陽花,1
250,1
寶媽,1
明燈,1
兒,1
純,1
單性,1
別學校,1
女校,1
求醫無門,1
國家會,1
閹割,1
犯罪者,1
勢,1
貨輪,1
遭擊,1
美軍為,1
奔命,1
紅海,1
八方,1
雲集,1
中標,1
蘇丹紅,1
這顏色,1
醜到,1
幫人,1
戒菸,1
職推動,1
調適,1
對學生,1
芋頭,1
評論,1
搭飛,1
機安,1
影還,1
戲劇性,1
飛安,1
保養,1
痘,1
周宛儀,1
大升級,1
將持續,1
托運,1
進客,1
艙,1
看不起,1
099,1
倒閉,1
中藥行,1
新國會,1
變化,1
小黨,1
空間,1
台北市,1
苗,1
博雅,1
會助長,1
階段,1
晚安,1
小雞,1
想暴,1
更糟,1
情緒性,1
出口,1
貪腐,1
納瓦尼,1
下課,1
合作社,1
大波露,1
麥香,1
花衣,1
笛手,1
催生,1
〈,1
〉,1
案不減,1
搶奪,1
印度洋,1
爾,1
地夫,1
倒戈,1
苦,1
隱身術,1
火遁,1
忍者,1
忍術長,1
募款,1
做科學,1
程式,1
選理組,1
就會順,1
遂,1
文組,1
文理,1
入法,1
上千年,1
停用,1
漢字,1
韓文,1
有漢字,1
興運動,1
最荒謬,1
短片,1
大回顧,1
最多人,1
山道,1
打工,1
瑪,1
卡巴,1
幾分,1
未婚妻,1
好友,1
我愛的,1
刻骨,1
銘心,1
最愛漫畫,1
咒術,1
幾部,1
師大,1
白鹿洞,1
解永華,1
大過,1
情境,1
最能,1
年遊戲,1
Licemoo,1
年志祺,1
Inokawa,1
Hajime,1
井川,1
InokawaHajime,1
片單,1
祖寧,1
zuning0125,1
韓要,1
打起,1
狂射,1
飛彈,1
活派,1
豬哥亮,1
逝世,1
堅信,1
還活,1
苦牢,1
灌食,1
千次,1
整型,1
追捕,1
晚年,1
理,1
外科,1
頭,1
超營養,1
一夜,1
依據,1
的頭,1
黑幫害,1
港片,1
稱霸亞洲,1
電影業,1
仙丹,1
高官,1
議員全,1
涉案,1
政壇,1
狂爆,1
派閥,1
畢生,1
積蓄,1
台灣現,1
爛尾樓,1
華視,1
沿佐,1
盧松佑,1
漁電,1
共生,1
多起,1
弒親,1
人倫,1
明志,1
通緝犯,1
發表,1
玻璃心,1
全下,1
極限體,1
最常,1
越長,1
演化成,1
日期,1
513,1
吉安,1
回歸祖國,1
098,1
從小漁村,1
金融中心,1
糊弄,1
克服,1
闖入,1
加速器,1
Heptabase,1
詹雨安,1
藍綠不過,1
半,1
票,1
匭,1
夾層,1
唱票,1
狂畫,1
正字,1
作票,1
傳給,1
餐飲業史,1
台灣餐,1
飲大,1
缺工,1
成學生,1
疲勞,1
當學生,1
有多累,1
每到,1
超愛吃,1
季節性,1
獨門,1
選前,1
射衛星,1
三組候,1
選人國防,1
比一比,1
合作,1
勞保快,1
勞工政見,1
最科學,1
坊,1
秘方,1
3M,1
小黃,1
菜瓜布,1
博恩外,1
送員,1
臉書炎,1
韓國瑜當,1
表現,1
監督國會,1
張宏林,1
執行長,1
CitizenCongressWatch,1
核電歸,1
零,1
綠電爭議,1
組候,1
保護法,1
貓狗,1
百萬金孫,1
補貼,1
大撒幣,1
減重算,1
赤字,1
宋晏仁,1
大黨,1
邊緣化,1
時力,1
藍綠白,1
夾殺,1
王婉諭,1
競爭,1
享受,1
滅亡,1
烏托邦,1
餐餐,1
超收,1
費用還,1
期要,1
有多痛,1
謝東穎,1
輕人用,1
偷渡,1
盧安達,1
英國為,1
狠招,1
超愛聞,1
汽油味,1
新書味,1
聞屁味聞,1
折,1
法拍屋,1
買法,1
拍屋,1
上網,1
選總統,1
在籍,1
子,1
鏡,1
蔣宜婷,1
手術,1
林子,1
宇醫師,1
一塊,1
認知戰,1
講了些,1
097,1
更難,1
睡得,1
床墊,1
Merritt,1
象鼻,1
岩,1
瀕,1
危景點,1
美景,1
猝睡,1
嗜睡,1
關掉,1
部門,1
炸掉,1
阿根廷,1
飆破,1
超愛選舉,1
投反,1
對票,1
貨車,1
卸貨,1
交通部,1
勸導,1
不教,1
無恥,1
要學,1
古文,1
減少,1
搜,1
豬腳,1
傑哥,1
發訊息,1
離線權,1
實施,1
擦皮鞋,1
美甲,1
跳舞,1
娛樂,1
客人,1
肉麻,1
季辛吉,1
自熊,1
本市,1
尖漫,1
尾田,1
榮一郎,1
有多神,1
要養,1
蠶寶寶,1
無數,1
戀愛啟,1
蒙,1
曾紅遍,1
走下坡,1
誹謗罪,1
打壓,1
著動畫,1
還原,1
宮,1
﨑,1
駿動,1
畫裡面,1
總有,1
頻道史,1
辛辣,1
經主,1
張統,1
獨大將,1
聯電,1
babujushi,1
店王,1
多續,1
每,1
楊冪,1
096,1
堂,1
轉職,1
成管,1
男優站,1
Kenny,1
掉落,1
澳洲人,1
樂此,1
樣樣,1
原版,1
Hardcore,1
謙虛,1
主見,1
亞裔,1
升遷,1
天上,1
星星,1
個性,1
邏輯,1
學科,1
白瑜,1
共犯,1
底層,1
騙產業,1
幫人類,1
抗小兒,1
麻痺,1
愛滋病,1
Covid,1
海拉細胞,1
偷來,1
最初,1
人贊助,1
甘苦,1
營運長,1
李雪莉,1
尼泊爾,1
當尼泊爾活,1
惡魔,1
附身,1
華倫夫婦,1
床蝨,1
影院,1
連學校,1
關閉,1
自身,1
難保,1
095,1
還傷害,1
野生,1
數量,1
何降,1
不下,1
驗證碼,1
輸入驗,1
證碼,1
片場,1
優大,1
北野,1
翔,1
原千明,1
最長,1
人名,1
多字,1
取名,1
永和,1
豆漿,1
勝利組,1
人還,1
回台灣,1
尋親,1
許詩愷,1
上千人,1
同個,1
地點,1
致命,1
香奈兒,1
譽,1
解放,1
蘿,1
蔔,1
反應,1
志祺是,1
黨養,1
親綠,1
2700,1
萬還,1
嫌少,1
王鴻薇,1
終章,1
柯尼,1
志祺覺,1
神職業,1
千辛萬苦,1
考上,1
近半年,1
輕人想,1
美國點,1
勞動,1
以後犯,1
賣漢堡,1
速食,1
業龍頭,1
敗筆,1
客大鬧,1
阿美族,1
原民,1
怒火,1
豐年,1
歡慶,1
豐收,1
中國前,1
猝死,1
跟習,1
李克強,1
094,1
大虧,1
台電為,1
財務,1
藍白,1
兩派,1
看不見,1
裡的,1
古代,1
超罕見,1
指標,1
會以,1
公正,1
偏,1
頗,1
仔牽,1
仔傳,1
BE,1
RBRICK,1
沒差,1
超混亂,1
不衛生,1
坐尿,1
優缺點,1
體,1
丟寶可夢球,1
聲名,1
狼藉,1
Logan,1
Paul,1
翻紅,1
剛等,1
下個,1
路口,1
紅綠燈,1
越胖,1
機票,1
用體,1
重決,1
定票,1
美而美,1
早安,1
芝城,1
當賈伯斯,1
級富,1
私下,1
整了,1
以後還會,1
戰火會,1
哈瑪斯,1
突襲,1
獲千萬,1
當統戰,1
前小紅書,1
Nick,1
學大師,1
弗洛姆,1
叫作,1
連普丁,1
心腹,1
叛變,1
瓦格納,1
沉迷,1
鴉片數,1
不長,1
Lisa,1
瘋馬秀,1
賽車,1
暢銷,1
書太無聊,1
銅,1
臭味,1
太重,1
誠品,1
實體,1
紅不起,1
獎入,1
圍者,1
曾稱,1
霸華語,1
43,1
宮崎駿,1
傳奇動畫,1
微信,1
隱瞞,1
編程,1
隨想,1
最後是,1
落網,1
093,1
初衷,1
韓戰,1
早滅,1
發射,1
低軌,1
衛星,1
兵家,1
必爭,1
超重,1
縮圖長,1
常爆,1
礙者,1
助人,1
幫獨居,1
專業家務,1
清潔,1
台灣樂作,1
創益,1
瞎掰,1
影視劇,1
虛構,1
著學,1
前靠,1
相忍,1
沉默寡言,1
莊智淵,1
氣到,1
造謠,1
管不了,1
辦案,1
官,1
還不挺,1
檢察官,1
傑出,1
獲選,1
不傑,1
冠軍還,1
賠錢,1
電競戰隊,1
撐,1
神鬼,1
奇航,1
魔獸,1
祂,1
影子,1
邪典,1
克蘇魯神,1
反間,1
諜法,1
092,1
但動,1
待遇,1
時薪,1
鑽戒,1
盤子,1
人造,1
鑽石業,1
風為何,1
名字,1
草,1
風天,1
可樂餅,1
風冷,1
這群,1
團體,1
很難,1
拆夥,1
越滑手,1
機越,1
煩悶,1
剛出門,1
無聊,1
假環保,1
套路,1
漂綠,1
綠色,1
灣真實,1
當誘,1
餌,1
誘捕,1
聽眾,1
比別,1
人貴,1
十倍,1
dyson,1
吸塵器,1
奶茶,1
奢侈品,1
愛講,1
泰狂,1
泰式,1
許伯,1
簡芝,1
萌圖,1
尼斯湖,1
水怪,1
仇劇,1
謎團,1
花都,1
何解,1
鼠患,1
耐用,1
組裝,1
家具,1
詐團,1
語音,1
一番,1
賞詐,1
操控,1
從遊戲,1
鹽巴,1
海鮮會,1
核水,1
排放,1
入海,1
對祖國,1
失望,1
潤日,1
大增,1
社長,1
劉洋,1
CEORYUYO,1
粉身,1
體會,1
歐美超,1
麩質,1
1.1,1
鄉民愛到,1
讀書還,1
投胎,1
空難奇,1
姐帶,1
孩,1
活過,1
學職涯,1
Bryan,1
人不會,1
啞巴,1
小孩子,1
問好,1
學到,1
禮貌,1
陰影,1
卡牌,1
還貴,1
社倒成,1
熱舞社,1
招生,1
大社,1
話術,1
腦袋,1
豆腐,1
食腦變,1
形蟲,1
環遊,1
遊牧,1
美好,1
志祺後悔,1
讀成,1
營該,1
洩洪,1
通知,1
河北,1
信任,1
091,1
營造,1
高級,1
巧合,1
詳細,1
幾十億人,1
www,1
何發,1
悔,1
沒什麼,1
腰酸背痛,1
SunGuts,1
逃,1
幾萬人,1
比實際,1
何主觀,1
原爆,1
歐本,1
開啟,1
參,1
研發,1
美國間,1
超怕,1
請客,1
連男扮,1
挺同,1
志祺激,1
新人,1
Crane,1
痠痛,1
骨科,1
健科,1
傳統整,1
講台語,1
愛台灣,1
語會,1
獎章,1
飆,1
登山,1
聖母,1
峰山,1
攀岩,1
開會,1
搞小團體,1
絕世,1
超浮,1
誇,1
門票,1
牛為何,1
囂張,1
留學生,1
變風,1
俗業,1
案內,1
歌舞伎,1
町,1
李小牧,1
leekomaki,1
職涯,1
詢師,1
葉家瑜,1
壯陽藥,1
變情,1
報籌碼,1
威而鋼,1
壯陽,1
台車,1
位子,1
停車位,1
不足,1
解方,1
變頻,1
開冷氣,1
最省電,1
自德國,1
64,1
中國用,1
一條線,1
全東,1
九段,1
過氣,1
祖克柏,1
倉促,1
一線,1
演員全,1
本世紀,1
爭什麼,1
沒劇,1
威士忌,1
麥卡倫,1
駕駛出,1
車禍,1
車廠,1
身上,1
熱愛吃土,1
無薪,1
爭取,1
額外,1
老師全,1
十六,1
sherrysnotesofficial,1
雪力,1
學筆記,1
價碼,1
變難,1
開心果,1
李玟,1
超扯,1
志祺遇,1
過超雷,1
差距,1
思維,1
富,1
．,1
是理,1
財聖經,1
毒雞湯,1
抖個,1
冷掉,1
超愛講,1
蛙化,1
玩個,1
射氣球,1
收上,1
逛,1
糾紛,1
反日,1
和解,1
營必備,1
毛骨悚然,1
自拔,1
海龜湯,1
中國版,1
bilibili,1
養不活,1
Up,1
主停,1
更潮,1
090,1
青少年,1
老大,1
裝熟,1
建州,1
夠了,1
短,1
遲無法,1
動手,1
民選,1
司法官,1
選舉制,1
美軍打,1
空,1
瞎,1
待轉,1
Smosh,1
上古,1
分道,1
揚鑣,1
每五個,1
休學,1
半年,1
送命,1
戒,1
網癮,1
089,1
歷任,1
無解,1
高房價,1
消化,1
發聲,1
何常,1
癡,1
漢,1
性犯罪,1
網紅狂,1
開線,1
何線,1
課越,1
毒害,1
人命,1
推廣到,1
超愛嗆,1
Xavier,1
止痛,1
愛國,1
動漫演,1
坂本宗華,1
巴比,1
妥,1
壓新聞,1
新北,1
餵,1
藥案,1
踩,1
雷,1
蔡阿嘎炎,1
何燒,1
捐血,1
何還,1
血荒,1
血庫,1
建立,1
打掃,1
代客,1
便利,1
屋,1
還來,1
納粹,1
倖,1
存者,1
錄大賣,1
感動,1
千萬人,1
化妝品,1
供應,1
將大受,1
同類,1
相食,1
食人族,1
表達,1
愛意,1
成民眾,1
包憑,1
代購,1
記不起,1
托夢,1
清醒,1
科學大,1
EmmaSleepTaiwan,1
地偶,1
開什麼,1
滅口,1
088,1
志祺決定,1
尊貴,1
垃圾袋,1
其它,1
搶購,1
無腦,1
成癮,1
全新,1
睽,1
年視,1
覺大,1
何想換,1
新風格,1
測謊,1
讀心術,1
採用,1
撒錢型,1
Mr,1
Beast,1
會議,1
發言,1
安靜,1
2300,1
萬人個資,1
資外,1
洩,1
勝雄,1
執法,1
過當,1
男子,1
店員幹,1
錄影,1
超商浩克,1
鹼性,1
有益健康,1
軟水,1
硬水,1
榜首,1
換人,1
087,1
手心,1
打屁股,1
懲戒權,1
管太多,1
連睡,1
很愛坐,1
北車,1
地板,1
刻板,1
印象,1
阿仔師,1
恐嚇,1
何歧視,1
做工,1
超認,1
imseriou,1
進貨,1
報廢,1
億元,1
超商,1
剩食,1
冰,1
火前,1
編劇,1
小美人,1
白雪公主,1
改膚色,1
選角,1
官腔,1
太爛,1
出版界,1
圖書,1
打折,1
留在,1
中國會後悔,1
偷渡客,1
倍,1
賭上,1
性命,1
追尋美國,1
086,1
國貿局,1
商務人員,1
拖,1
毛病,1
出錯,1
每件事,1
累個,1
半死,1
主義者,1
適度,1
位美國,1
羹,1
大規模,1
海鮮詐,1
查爾斯花,1
即位,1
末代,1
廢皇,1
聲浪,1
洗衣服,1
自助,1
洗衣店,1
乾淨,1
連新垣,1
別居婚,1
輸慘,1
NET,1
力挺,1
審團,1
綜藝,1
瘋過,1
秀場,1
老大哥,1
1984,1
CIA,1
40%,1
沒意義,1
種被,1
公認,1
狗屁,1
花同樣,1
網紅賣,1
很雷,1
聯名,1
光鮮,1
亮麗,1
當紅,1
大將,1
郭文貴,1
FBI,1
抓走,1
有責任,1
眼中,1
釘,1
法輪功,1
山達,1
基教,1
眾多,1
普通,1
禿頭,1
中年男子,1
蟬聯,1
37,1
年載,1
客冠,1
747,1
傷人,1
新版,1
衛生法,1
打算,1
積極樂觀,1
自欺欺人,1
販賣機,1
密度,1
雞蛋,1
章,1
魚燒,1
機產業,1
Freddy,1
親自,1
閃靈,1
佳播,1
只講,1
毋通,1
喔,1
無厘頭,1
葛格,1
滿洋蔥,1
創服飾,1
Meg,1
Lu,1
日本社,1
侵,1
何視,1
看似,1
外資,1
黑幫,1
搶律師,1
碗,1
你會,1
服氣,1
殺人免,1
判案,1
月薪,1
萬請,1
開出,1
條件,1
美國要,1
1.5,1
億用戶,1
能禁成,1
看台,1
當地,1
盧,1
卡斯,1
子豪,1
要配,1
熱舞,1
台式,1
應援,1
超討厭,1
炒房,1
烙,1
預售,1
屋為,1
何爭議,1
點餐,1
餐樣,1
樣來,1
熱炒店,1
酒促,1
林非,1
Fei,1
支援,1
封面照,1
ig,1
fei,1
model,1
food,1
搜隊,1
死神,1
搶時間,1
受,1
部分,1
披薩為,1
常有,1
披薩演,1
進史,1
國你,1
宏都拉斯,1
下一個,1
搜索,1
七大經典,1
整人,1
搜身,1
栽贓,1
言語,1
辱,1
逼死,1
中部,1
師長,1
敵人,1
晶片,1
搶台,1
積電,1
奈萊塢,1
電影產業,1
多強,1
悲歌,1
杜絕,1
娘炮,1
084,1
三上,1
悠亞,1
引退,1
一秒,1
夏威夷,1
披薩加,1
神社,1
抗日,1
烈士,1
榮耀,1
要狂,1
沒戴,1
回不去,1
2.5,1
元音,1
樂劇,1
氣暴漲,1
真人,1
淘汰,1
女團,1
無懈,1
可擊,1
咖都來,1
淘寶貨,1
Oneboy,1
大膽用,1
修正,1
警械,1
執勤,1
攝理教,1
教主,1
不馬上,1
他會,1
局勢,1
083,1
卻成,1
超單,1
坎坷,1
SBL,1
T1,1
爭霸,1
程度,1
高超,1
愛沙尼亞,1
兼顧,1
嬌生,1
慣養,1
西方人,1
坐月子,1
月子,1
騙慘,1
年遠,1
距戀,1
最後卻,1
上加,1
請點,1
收看,1
語言癌,1
最嚴,1
地權,1
台灣房,1
價終,1
跌,1
店大冰,1
奶會,1
罪魁,1
禍首,1
大城市,1
無家者,1
帳篷,1
自治,1
從貝斯手,1
師到,1
健身,1
超斜,1
Chiougrr,1
戰鬥機,1
集滿,1
萬點,1
JK,1
哈利波,1
特照,1
樣紅,1
演員,1
微軟,1
王朝,1
好人,1
一上網,1
變酸民,1
凌問題,1
滅貓,1
消滅,1
割起,1
剩台灣,1
注,1
音符,1
號是,1
敲敲,1
A5,1
雪花,1
霜降,1
傻傻,1
分不清,1
名詞,1
讀,1
空氣,1
奇葩,1
直男行,1
春季,1
戰況,1
好不好,1
跟華人,1
級毒,1
大本營,1
什麼驗,1
光要,1
熱氣球,1
近視,1
雷射,1
眼科,1
林友祺,1
壽司,1
接連慘,1
遭惡,1
作劇,1
這股,1
奧客,1
美軍接,1
連發現,1
飛行物,1
082,1
習俗,1
獨有,1
瘦弱,1
小子,1
Ｃ,1
近來,1
太習慣,1
挫折,1
低迷,1
習得,1
無助,1
物,1
治法,1
醫界,1
辣個,1
分身,1
Youtuber,1
宋七力,1
什麼還,1
爽玩遊戲,1
陪玩師,1
只帶,1
棍子,1
石頭,1
081,1
出身,1
農,1
翻譯成,1
Lunar,1
new,1
year,1
080,1
終身禁,1
不禁,1
打字,1
咀嚼,1
抓狂,1
ASMR,1
更堪稱,1
酷刑,1
恐音症,1
跟別,1
ChefgodFred,1
廚佛,1
Fred,1
害防,1
制法,1
大修,1
離不開,1
主宰,1
領,1
6000,1
零件,1
脫落,1
殘骸,1
繪圖,1
繪師,1
只靠,1
破萬粉,1
老司機,1
張雅婷,1
雞,1
悟空,1
許哥,1
一播出,1
狂吸,1
百萬點閱,1
玄女,1
小一,1
而已,1
破醬,1
爆紅迷,1
阿凡,1
直衝,1
假爽,1
LiceMoo,1
機艙,1
人肉,1
二戰史,1
東京大,1
虧,1
垮,1
掉入,1
陷阱,1
變日系,1
海莉,1
網速,1
才夠,1
死角,1
家用,1
Wi,1
疑難,1
雜症,1
坐輪椅,1
侮辱,1
自卑,1
模特,1
輪椅,1
追夢,1
sherry0813,1
藝起,1
狂燒,1
行人,1
路人,1
死傷,1
訂目標,1
願望,1
改當,1
兵,1
刺槍術,1
四倍,1
國軍要,1
變強,1
兵役,1
延長,1
頂加,1
電費,1
塊,1
3700,1
解封,1
079,1
取出,1
死人,1
超獵,1
延續性,1
音樂課,1
誰規,1
定音,1
樂課,1
學直,1
笛,1
瞳鈴眼,1
屠夫,1
學徒,1
曾風靡,1
撒,1
鹽哥,1
博客,1
冰山一角,1
慣老,1
超愛用,1
假承攬,1
僱傭,1
有話,1
扛,1
霸子,1
電視政論,1
信聰,1
評價志祺,1
認真,1
鄉民質疑,1
超慢,1
窮到,1
收廚,1
餘,1
大成,1
首富,1
創投之神,1
孫正義,1
億台幣,1
購物台,1
現在還,1
過聖,1
誕節,1
跨年,1
節慶憂鬱,1
太陽,1
自白,1
原,1
用軍火,1
王交換,1
籃球員,1
何連,1
年養,1
成計畫,1
尺度,1
俄羅斯百萬,1
信,1
段子,1
腳本,1
柯賜海,1
百件,1
官司,1
柯董,1
最愛車,1
牌,1
環保行,1
給懶,1
台灣政壇,1
排黑,1
何愛,1
泡澡,1
八強,1
亞運,1
興盛,1
吞,1
貴州,1
西周,1
杰倫,1
廣州,1
收破千萬,1
078,1
含糖,1
飲料稅,1
想太多,1
情緒化,1
不愛,1
優點,1
戰國,1
Sony,1
小米,1
大餅,1
再謙虛,1
當個,1
成果,1
ㄐ,1
寫小說,1
連譯者,1
出版社,1
教令,1
異性,1
身高,1
台灣熱,1
搜冠,1
一組,1
號碼,1
綁架,1
重罪,1
致人,1
殘忍,1
轟動全,1
酒鬼,1
薔薇,1
聖斗,1
洗白,1
過安,1
白紙,1
能帶,1
077,1
Play,1
最愛用,1
殺害,1
騷法,1
漏洞百出,1
亞州,1
台成,1
清交,1
進書店,1
肚子痛,1
蝙蝠,1
當炸彈,1
維基條,1
目大,1
中國撐,1
放寬,1
七八,1
糟,1
076,1
蓋爛,1
標案,1
自療,1
挖運河,1
發射衛星,1
軍機,1
中國馬斯克,1
最後為,1
何破產,1
075,1
爆棚,1
滔滔,1
症要,1
賄賂,1
熱斃,1
數千勞工,1
還遭,1
多國,1
這屆,1
卡達,1
慘淪,1
FTX,1
交易所,1
倒台,1
加密,1
貨幣史,1
權公,1
打粉,1
當眾,1
便溺,1
Kanye,1
West,1
愛迪達寧,1
青壯年,1
罹癌,1
舊衣,1
那為,1
箱越,1
越少,1
沒人用,1
抖音化,1
慘虧,1
千億,1
Meta,1
面臨史,1
15%,1
議員有,1
前科,1
任期,1
最短,1
領袖,1
線上,1
博弈,1
戶籍,1
設在網,1
網咖難民,1
中美澳,1
著大撒幣,1
貧窮,1
南太平洋,1
島國,1
45%,1
跑跑,1
卡丁車,1
購,1
to,1
hell,1
慾,1
望,1
停不下,1
鼻子,1
越大是,1
大老二,1
國防大學,1
國防院,1
國安所,1
所長,1
明室,1
反悔,1
開除,1
斯克買,1
下推,1
牙要,1
當牙醫,1
最討厭,1
電商龍頭,1
蝦皮,1
大裁員,1
運費,1
還狂,1
屢創,1
怠惰,1
發毒,1
糖果,1
人群,1
梨泰院,1
踩踏,1
上國道,1
老傳,1
財佑,1
抓漏,1
台灣動,1
畫產業,1
經強,1
那現,1
獎幕,1
獎者,1
下一屆,1
胡錦濤,1
離席,1
習派,1
放開,1
條魚,1
獵奇,1
與魚,1
海鮮,1
包手,1
很痛,1
國賊,1
四通,1
橋到,1
劍橋,1
抗議習,1
骨灰,1
飛一會兒,1
新潮,1
葬,1
志棋,1
熱銷,1
萬罐,1
WD,1
防,1
鏽,1
潤滑,1
反毒,1
法寶,1
獵人,1
刊,1
老粉,1
支大藤編,1
體罰,1
管教,1
滿意度,1
YouBike,1
共享,1
單車,1
幼童,1
睡夢中,1
無差別,1
駕崩,1
任務,1
保密,1
到家,1
倫敦橋,1
還長,1
華麗,1
外表,1
服務費,1
和服,1
務費,1
非常,1
禹英,1
禑,1
很內,1
嘗試,1
志祺超,1
攻擊性,1
漫才,1
組合,1
壽壽壽,1
宅宅,1
壽壽壽漫,1
檢警長,1
勾勾,1
纏,1
平若,1
073,1
得罪,1
台北人,1
圖鑑,1
劇組,1
有苦,1
難言,1
統治,1
繩人,1
😂,1
愛用者,1
表情,1
個顏,1
繭居族,1
高科技,1
二房,1
東,1
WeWork,1
多會,1
醫美常見,1
林亮辰,1
王子,1
黛安娜,1
白血病,1
沒救,1
骨髓移植,1
能治好,1
血癌,1
獎評,1
審過,1
程大,1
報名,1
這部動,1
畫神,1
今敏,1
滑水,1
YAMAHA,1
樹,1
怎麼點,1
考招,1
越改越,1
低分,1
加油,1
超愛情緒,1
滑到,1
心焦,1
試試,1
資深,1
坦言,1
這最,1
還爭議,1
伊莉莎白,1
二世,1
懷疑,1
出軌,1
不愛我,1
是我太,1
在乎,1
加盟,1
簡訊詐,1
爆抄襲,1
品質爛,1
求救,1
平是,1
菩薩,1
法師,1
平粉,1
無情,1
麻醉,1
市府,1
證人,1
台中資,1
師案,1
乖巧,1
變殺,1
徹,1
何刺,1
統一教,1
烏克蘭展,1
絕地,1
反攻,1
能贏,1
近況,1
最深,1
斥資百億,1
韋伯望,1
遠鏡,1
一分,1
賽馬娘,1
日圓,1
賽馬產業,1
辦過,1
賽馬,1
大戰開,1
聯發科,1
度蜜月,1
紅色,1
沙皮狗,1
巴哥,1
鬥牛犬要,1
流汗,1
台灣動物,1
特拉斯,1
來歷,1
批,1
風仔,1
古,1
恐龍足跡,1
旱災,1
通靈,1
一探,1
SOD,1
社員,1
oldyu,1
市集,1
展覽,1
會長,1
Pili,1
沒熱量,1
營養標,1
打廣告,1
會去,1
類半導體,1
著要,1
電機,1
卒,1
信箱,1
千萬要,1
厭食症,1
心理疾病,1
EP045,1
眨眼,1
吞口水,1
妥瑞症,1
國際珍,1
奶日,1
珍珠奶茶,1
緝兇,1
錯人,1
警政,1
高層,1
忙,1
Maps,1
藏有,1
幽靈,1
街道,1
故意,1
歪,1
筆,1
鋼筆,1
執政,1
侵害,1
中介,1
服務法,1
儀器,1
技,1
ASML,1
何當,1
開台,1
搞壞,1
遛狗,1
蓋狗,1
還殺,1
害浪犬,1
伊朗政府,1
排擠,1
抓姦,1
Zenly,1
何會成,1
優良,1
教師,1
沒事,1
咬,1
指甲,1
結痂,1
皮症,1
北京,1
外人,1
鼠族,1
過著,1
072,1
墜毀,1
人間,1
蒸發,1
虎斑,1
2077,1
雲端,1
得動,1
林智,1
堅論,1
文門,1
論文,1
抄,1
阿翰,1
阮月嬌,1
口音,1
幻想,1
雇一個,1
仙劍,1
大富翁,1
軒轅,1
經輝煌,1
一覺,1
變學霸,1
志祺哥,1
石油,1
哪支,1
猜猜,1
眷村,1
內幕,1
業者,1
塗蓋,1
還說畫,1
爺爺,1
統,1
一集,1
小工,1
台灣龍頭,1
壟斷,1
台人,1
遭軟,1
禁毆,1
園區,1
連這也,1
女優,1
優失業,1
新法,1
客大舉,1
物價為,1
飆漲,1
通貨膨脹,1
『,1
』,1
iPhone,1
循環,1
竟拉出,1
政商,1
勾結,1
黑幕,1
苗栗,1
坤,1
輿,1
掩埋,1
竟比,1
登月,1
電腦強,1
幾十億倍,1
裴洛西訪,1
跨境,1
Ellenpro,1
棒,1
經理來,1
書讀,1
耶魯,1
達人傑哥,1
毫無經驗,1
幫麥,1
當勞,1
TOYOTA,1
做行銷,1
丼,1
路怒症,1
一開車,1
暴躁,1
鬼門開,1
下家樂福,1
法國人,1
台電,1
虧損,1
八百,1
易,1
烊,1
千璽,1
走後門,1
考公職,1
官媒護航,1
引火上身,1
071,1
打球,1
當大聯盟,1
出角,1
比爾,1
釣到,1
gggladys,1
hyou2020,1
cos,1
維基當,1
捏造,1
百萬字,1
文章,1
背後動機,1
LaMDA,1
師說,1
存款,1
歸零,1
河南,1
銀行,1
爆發詐,1
騙案,1
黑幕重重,1
070,1
丟的,1
燒掉,1
吸,1
理論史,1
Midjourney,1
算圖,1
畫出習,1
師生,1
缺糧,1
斯里蘭,1
卡破產,1
遇刺,1
該何,1
藥酒,1
補身,1
來判,1
先討論,1
一方,1
撕破,1
優生,1
保健法,1
過,1
BT,1
漸漸,1
遺忘,1
倪匡,1
回去,1
偽,1
科幻,1
搶破頭,1
豪華音,1
樂節,1
天大,1
最爛,1
音樂節,1
FYRE,1
四萬,1
巫婆,1
處刑,1
歐洲獵,1
巫運動,1
反巫術法,1
內部,1
維吾爾人,1
不酒,1
高材生,1
創立,1
赤,1
冷感,1
房主,1
威脅,1
學腳,1
踏車,1
屍總是,1
屍,1
吸血鬼,1
屍遠親,1
締造,1
收視率,1
布袋,1
戲為,1
武林,1
驚動,1
萬教,1
訴,1
韋德案,1
腦霧,1
失眠,1
新冠該,1
爆笑,1
激烈,1
辯論,1
軌道,1
百萬粉,1
手搖,1
億杯,1
泡泡,1
貼身,1
小趙,1
憤青,1
實錄,1
讀稿機,1
全英文,1
系列,1
辣,1
百萬訂閱,1
當讀,1
稿機,1
Ellen,1
祝福,1
舉牌,1
童工,1
奪下,1
新聞大獎,1
抗假,1
新聞產業,1
我入,1
志祺國,1
踢,1
美式足球,1
不孕症,1
掉包,1
動機,1
唐山,1
男圍,1
毆,1
還勾結,1
大論戰,1
069,1
工作狂,1
爆寵物棄,1
養潮,1
寵物養,1
愛機器,1
越擬,1
志祺喜歡,1
兼,1
小姐,1
營業,1
午場,1
工安,1
常發生,1
瑪麗蓮,1
·,1
夢露,1
最後的,1
錄音,1
初公開,1
超愛聊,1
血型,1
B型,1
錄取,1
李,1
明哲,1
回台,1
背後原,1
還監禁,1
政治犯,1
潤,1
潤學,1
狂熱,1
鋼珠,1
柏青哥,1
母乳,1
配方,1
奶之戰,1
哺乳,1
媽媽們,1
連希臘,1
諸神,1
下凡,1
史實,1
寶藏,1
洗刷,1
污名,1
安柏面,1
臨天價,1
賠款,1
滿四週,1
台灣景觀,1
景觀法,1
沒過,1
比正,1
規軍隊,1
助陣,1
遊輪,1
乘客,1
落海,1
改教,1
德蕾莎,1
天花,1
翻版,1
猴痘,1
Cheap,1
交通局,1
還歧視,1
希特勒,1
建造,1
何德國,1
速限,1
送電,1
影序號,1
摩羯座,1
做成,1
標本,1
標本師,1
篩檢,1
沒物資,1
裸奔,1
建國,1
口令,1
重看,1
神威,1
炎拳,1
自由民主,1
還懷念戒,1
嚴時代,1
現實版,1
柯南,1
側寫師,1
偵破,1
懸案,1
紅言論,1
翻譯給,1
大翻譯,1
背後是,1
反華勢力,1
低配,1
COS,1
超低,1
成本,1
萬粉,1
Lowcostcosplay,1
拍照,1
拍到,1
侵害到,1
肖像,1
全黑,1
打扮,1
媽的,1
翻譯炎,1
超譯,1
辛普森,1
隔離,1
缺快,1
還圖利,1
副本,1
俄軍為,1
最窮,1
摩爾,1
多瓦,1
四月,1
之聲,1
揭露,1
封城亂象,1
中國民眾,1
家事,1
家務,1
分工,1
導火線,1
抽電子,1
比紙,1
禁電子,1
炮友,1
暈船,1
性愛分,1
離為何,1
重磅,1
釋出,1
心裡口,1
難開,1
布魯斯,1
威利,1
失語,1
貪,1
汙,1
還想,1
海外,1
代號,1
獵狐行動,1
火車,1
衰退,1
活化,1
絕望,1
死命,1
鎮,1
饑,1
荒,1
開花,1
鞭刑,1
主婦,1
至少,1
該領,1
45K,1
談錢,1
魔性,1
神曲,1
品味,1
變差,1
精是,1
Poo,1
free,1
頭皮,1
想花,1
錢當,1
戰俘,1
好玩,1
台鐵員,1
工集體,1
推台,1
床,1
出去玩,1
派還,1
師嗎,1
不痛,1
貶低,1
孤立,1
煤氣燈,1
辨認,1
訂營養,1
按個,1
按鈕,1
毀滅,1
核戰,1
台灣大,1
勞保為,1
何面,1
繳的,1
cue,1
級生,1
元素,1
勾起,1
心中,1
資優生,1
超聰明,1
進資,1
古老,1
芳療,1
奇異,1
甜甜的,1
加比較,1
多糖,1
戰犯,1
EP050,1
鳥,1
醬油,1
蠔油,1
油膏,1
老抽,1
油會,1
德國富,1
全紐,1
安娜,1
經紅遍,1
劇劇,1
台劇,1
邁向,1
房子,1
漂亮,1
HiThisIsAchi,1
共軍打,1
過來,1
共有,1
固定,1
好不容易,1
放假,1
只想,1
節曾,1
經是,1
感到,1
興奮,1
甩,1
威爾,1
史密斯,1
Chris,1
Rock,1
過分,1
帽子,1
裡有,1
小王子,1
天真,1
有個,1
兩次,1
空難,1
墜機,1
民航,1
落到,1
烏俄開戰,1
分到,1
財政,1
收支,1
劃分法,1
人到中年,1
熟年,1
隱谷路,1
患思覺,1
比狗,1
笨,1
劇幕後人員,1
又慘,1
同事,1
客戶,1
驚世駭俗,1
跨國求,1
職詐,1
卡關,1
出社會,1
最失敗,1
Ｑ,1
黑心,1
成員,1
沒睡,1
肝還,1
德國亂,1
德國房,1
東壞,1
TFIG,1
學生據,1
理力爭,1
欺負,1
厭女,1
八個,1
贏得,1
九度,1
預言成,1
鐵口,1
直斷,1
神童,1
預言,1
那麼準,1
Hot,1
趕上,1
粉者,1
Girl,1
Crush,1
象是,1
江江,1
問答,1
萬會,1
志祺讀,1
變抖,1
Ｍ,1
正義魔,1
獵,1
巫行動,1
科索沃,1
何塞爾維亞,1
不肯,1
放手,1
怕黑,1
煽動,1
宿營,1
迎新,1
淫新,1
爛,1
保陰謀,1
出逃,1
311,1
大海,1
嘯,1
大災難,1
生育率,1
最低,1
托嬰,1
落後別,1
一大截,1
居住,1
租房,1
AlanChannelJP,1
全聯超,1
火鍋,1
湯球,1
奇妙,1
湯底,1
泡起,1
上萬人,1
NGO,1
三年,1
拉格,1
艾爾,1
IPA,1
喝生,1
啤才,1
擇,1
尚氣,1
永恆族,1
欸,1
歌有,1
濃濃,1
燒肉,1
厭世,1
抗壓性,1
太差,1
依靠,1
視覺,1
健步,1
如飛,1
視障者,1
辨別,1
前方,1
路況,1
戀上,1
換裝,1
重演,1
豹民,1
抵擋,1
青春,1
戀愛與,1
可愛畫,1
志祺大,1
演員奪,1
獎後,1
退回,1
獎座,1
獎為,1
成過,1
畫作,1
成交,1
摧毀,1
Banksy,1
妓院,1
甜點,1
浪漫,1
提拉,1
米,1
蘇傳遍,1
野心,1
解體,1
三十年,1
怒海劫演,1
海上,1
拐賣,1
根絕,1
徐州,1
八孩案,1
縣市合,1
併,1
升格,1
時勢,1
趨,1
因人,1
設事,1
三大爭,1
議戰場,1
土足,1
超嚴格,1
脫鞋,1
包台,1
加蛋,1
大街小巷,1
隨處,1
可見,1
接著,1
用手,1
機遠端,1
很紅,1
掛睡師,1
開工,1
身兼,1
多職,1
密技,1
強辱華,1
分別,1
數總是,1
區幹,1
超熱門,1
票選,1
大掃,1
除頭,1
好暈,1
夜飯,1
煩惱,1
我害,1
心靈大,1
掃除,1
很困,1
證明,1
人比,1
想像中,1
善良,1
費嗎,1
一首歌,1
教你做,1
檸檬愛玉,1
學長,1
姐制,1
專線,1
芒,1
Official,1
Music,1
繪本兒,1
MV,1
跨區,1
全靠,1
VPN,1
玩意,1
缺點,1
桌布,1
換成,1
尼加拉瓜,1
送序號,1
Giloo,1
好片,1
弔,1
念,1
全斗煥,1
賭爭議,1
侵佔,1
Toyz,1
花香,1
木質,1
東方調,1
哪類,1
香水,1
購買前,1
提示,1
失業率,1
沒人要,1
教改,1
愛補習,1
金萱,1
四季春,1
鐵觀,1
音有,1
分辨,1
打什麼,1
口服,1
藥何,1
時會,1
買菜,1
流產,1
大封城,1
混亂,1
頂樓,1
加蓋,1
陽台,1
違章,1
69,1
違建,1
世隔絕,1
萬年,1
印度政府,1
禁地,1
坐牢,1
比當兵,1
還爽,1
紙袋,1
受刑人,1
供餐,1
韓國房,1
價為,1
fionslife,1
婭,1
遭重,1
60,1
新書,1
坐擁,1
各大,1
這本書,1
📢,1
💢,1
大聲,1
打嗝,1
還大聲,1
🏆,1
Spotify,1
玩到,1
遊戲訂,1
中指,1
通用,1
溫柔,1
禁養,1
矮人,1
小島,1
人種,1
哪間,1
但是,1
都檢,1
查不出,1
病症,1
哈密瓜,1
有哈味,1
人體,1
萬能,1
商店,1
深陷,1
基層,1
店員們,1
加重,1
EP0010,1
主義鐵拳,1
開揍,1
賭廳,1
周焯華,1
賭場,1
蜘蛛人,1
婚禮,1
兩百,1
多位,1
用聖誕,1
不信,1
貪污,1
伊美黛,1
碳中,1
碳稅,1
關稅,1
雜名,1
王力宏,1
李靚蕾,1
難民大,1
東歐,1
難民潮,1
策劃,1
戀愛,1
趕不上,1
愛無能,1
要給,1
惡血,1
創投,1
RE100,1
再生能源,1
夠用,1
智力,1
划,1
不划算,1
核電,1
核四興,1
建計畫,1
三度,1
喊停,1
明代,1
瘋買,1
蘇州片,1
吃萊豬,1
美國為,1
開放萊豬,1
印良品,1
告贏,1
無印,1
上面,1
利弊得失,1
觀落,1
陰,1
VR,1
大選有,1
綁大選,1
開家裡,1
變老,1
期威脅,1
量,1
販店,1
太難,1
大潤發,1
還撐,1
民意,1
女同事,1
動視,1
美國遊,1
戲大廠,1
iHerb,1
進不來,1
海關害,1
保健食品,1
來勢,1
洶洶,1
變異,1
傳染力,1
重症,1
升,1
熱門創,1
揭曉,1
鄉民一,1
週內,1
異想天,1
開要,1
DAO,1
半個,1
古巴,1
球員,1
叛逃,1
煮,1
豆燃,1
豆萁,1
Museumguan,1
館館,1
amazingtalkershow,1
有趣,1
經營成,1
OWNDAYS,1
煩人,1
郵件,1
粉,1
秋生,1
覺得準,1
彭帥,1
平安,1
核心,1
網壇,1
遭軍方政變,1
幾內亞年,1
歡呼,1
譴責,1
性愛也,1
課會,1
演練,1
異物梗色,1
Jing,1
界大,1
龍蝦,1
牛排,1
炒作,1
變高級,1
糖,1
炫富,1
旁邊,1
外送員,1
這份,1
消息,1
外媒,1
近期,1
富可,1
敵國,1
幣發,1
中本聰,1
一句,1
癱哥,1
Khaby,1
殺出,1
一條,1
血路,1
連喜,1
歡雷姆,1
貼標,1
小照,1
弟妹,1
扛下,1
家計,1
親職化,1
早熟,1
懂事,1
賭博,1
遊戲裡,1
轉蛋,1
轉蛋法,1
佛媛,1
病媛,1
菜媛,1
幼兒媛,1
顯現,1
中之人,1
絕命,1
毒師,1
窮困,1
潦倒,1
縱橫政壇,1
德國前,1
梅克爾,1
鞠躬,1
熱血片,1
主旋律,1
遺產,1
景點,1
遺產會,1
連臉,1
活著,1
動員,1
財富,1
提早,1
福爾,1
摩斯,1
竹林,1
七賢,1
君子,1
藥物,1
比太陽馬,1
戲團,1
還難,1
莎拉,1
公憤,1
遭質疑,1
彩色,1
Ｔ,1
2060,1
永續,1
SDGs,1
各國狂,1
護照,1
城中城,1
個案,1
燒出,1
老舊,1
大樓,1
觀看,1
人次,1
LO,1
賺大錢,1
螢光,1
咖哩,1
惡夢,1
配菜,1
造價,1
服役,1
哈伯,1
望遠鏡,1
猛,1
犯台,1
線民,1
威權,1
時期當,1
耙,1
自認,1
倒霉,1
Deep,1
Fake,1
宇恩,1
蕾,1
菈,1
泥泥,1
汝,1
球球,1
國家級,1
炒幣,1
何用,1
法定,1
貨幣,1
最美,1
雲之獸,1
灣雲豹,1
確診數,1
節節,1
上升,1
聖雄,1
甘地,1
經絕,1
食力,1
挺種,1
姓,1
種姓,1
底下,1
賤民,1
EP046,1
神明,1
被斷,1
手斷,1
法槌,1
鐵拳,1
萬噸,1
80%,1
不知去向,1
廢棄,1
最後都,1
十億年,1
地層,1
影,1
首爾,1
租房子,1
棋士,1
黑嘉嘉,1
EP02,1
紀念堂,1
紀念,1
還有別,1
機跳車,1
上車,1
成人版,1
OnlyFans,1
停工,1
民宅,1
母愛,1
媽媽後悔,1
Ｋ,1
噁,1
龍龍,1
雙標,1
懂炎,1
被當,1
範本,1
先進,1
嘖嘖,1
群眾,1
退燒,1
布丁,1
料理,1
狄更斯,1
嘔嘔,1
雜的,1
Disney,1
接棒,1
迎戰,1
OTT,1
串流,1
中國恒大,1
地產龍頭,1
何會面,1
連川普,1
惡名,1
昭彰,1
REvil,1
艱辛,1
捐錢給,1
雇主,1
回捐,1
社福界,1
硬,1
改慣用,1
手會出,1
虎姑婆,1
豐富,1
鬼怪,1
考大學,1
改來,1
改去,1
冰島,1
狂,1
有訊號,1
斯克,1
星鏈,1
史瓦帝,1
尼,1
獨裁國,1
王為,1
何超,1
入台,1
入境,1
設備,1
五倍,1
券來,1
不發,1
現金,1
平要,1
共同富裕,1
劫,1
富濟,1
貧還,1
生魚片,1
血淚,1
遠洋,1
點名,1
乾隆皇帝,1
蒐集,1
蓋章,1
寫彈,1
你們,1
上朝,1
西班牙人,1
多所,1
LGBTQ,1
公眾號,1
封,1
性少數,1
族群,1
五角,1
110,1
層樓,1
夷,1
平地,1
美國史,1
911,1
凶越,1
搶手,1
先知,1
炎亞綸,1
下雨,1
BIGBANG,1
前成員,1
韓國史,1
燃油,1
車環,1
保大評,1
排放量,1
Shorts,1
粉絲團,1
選秀,1
整肅,1
娛樂圈,1
麟洋,1
配接,1
公務員能,1
兼職,1
國產車,1
貴什麼,1
挪威,1
超爭議,1
每擦必,1
過敏,1
保養品,1
成分,1
業來,1
轉機,1
冰河期,1
之下,1
業要,1
四十,1
最真,1
最想,1
帕運來,1
坐鎮,1
特殊,1
項目,1
154,1
品種,1
貓為,1
領養,1
依法,1
變成別,1
組計劃,1
解碼,1
專利大戰,1
混宿,1
生理性,1
兩萬人,1
冒著,1
橘貓,1
攻占,1
美軍一,1
撤,1
會願意,1
新聞界,1
榮譽,1
普立茲獎,1
備受,1
推崇,1
中文系,1
修國文,1
大學國,1
文課,1
離開養,1
巴塞隆,1
納,1
豁出去,1
閱達標,1
畫面,1
流出,1
男兒,1
比舉重,1
跨性別,1
激進,1
紅是,1
選邊,1
因價值,1
NFT,1
泡沫,1
強檔紀,1
錄片,1
瑞典政府,1
近三成,1
經濟艙,1
參賽史,1
成績,1
正職,1
偷用,1
COSPLAY,1
開外掛,1
忘,1
路邊,1
跟陽廟,1
建州用,1
安博,1
盒子,1
因公,1
這背,1
九把刀,1
藤井樹,1
痞子,1
橘子,1
火紅,1
限時,1
否則,1
重跑,1
頭暈,1
嘔吐,1
體適,1
重測,1
到過,1
震撼,1
一胎化,1
三胎,1
奧運有,1
鈴響,1
吳亦凡,1
遭封,1
全飛,1
劣跡,1
規範,1
雙落敗,1
台灣觀,1
眾還,1
狂酸,1
詹家,1
姐妹,1
地位,1
低,1
我國,1
有史,1
以來,1
全台灣,1
幾條,1
中正路,1
中山路,1
路名,1
困有,1
藝文,1
工作者,1
昆蟲,1
週期蟬,1
心癢,1
難耐版,1
片尾,1
路人長,1
隨意,1
臨檢,1
盤查,1
大兵,1
古文明,1
文藝,1
興藝術,1
乖寶寶,1
比起,1
藍光,1
害視,1
看電視,1
坐多遠,1
眼睛,1
我會,1
📦,1
基改,1
連美國,1
近千萬,1
樓鳳,1
近九成,1
性工作者,1
傻眼,1
假防護衣,1
血氧機,1
退貨,1
只擾,1
連東,1
南亞國家,1
塗黑,1
挖空,1
書要,1
走過,1
大谷,1
翔平,1
投打,1
二刀流,1
了不起,1
提告,1
二創,1
X,1
聞風色,1
總書記,1
三面,1
叢林裡,1
游擊戰,1
西亞共產黨,1
圖博,1
62,1
達賴,1
喇嘛,1
對藏獨,1
可愛也,1
有代價,1
人工繁殖,1
純種,1
滿身,1
整年,1
日報,1
一夕,1
外洩,1
要護航,1
捐快,1
究極大,1
激辯,1
排除,1
萬難,1
好料,1
重挫,1
意志,1
中國要,1
棄,1
可愛,1
以貌取人,1
著科學,1
服別,1
沒效,1
無奇,1
金氏,1
戰紀錄,1
台灣護,1
理師,1
休假,1
待命,1
數還,1
監管,1
UP,1
回形針,1
科普,1
現代,1
能夠,1
侏羅紀,1
玩法,1
天價,1
著覺,1
助眠,1
專心,1
植物,1
奶,1
牛奶,1
替代品,1
會員有,1
巨量,1
包裹,1
塞爆,1
倉儲,1
功臣,1
物流,1
三期,1
可靠,1
炒股,1
圖利,1
剛結束,1
大旱,1
這種極,1
端的,1
越常見,1
菲律,1
賓人,1
熱衷,1
脫北,1
朴研美,1
介入,1
候選人還,1
鴿子,1
破千萬,1
蓬勃,1
台灣賽,1
鴿,1
性感,1
穿衣,1
Billie,1
Eilish,1
還買,1
缺貨,1
頂好,1
Wellcome,1
全聯,1
通路,1
萬華,1
茶藝館,1
茶室,1
剩北韓,1
那學校,1
果然,1
翁,1
生蛋,1
可達,1
寶可夢大師,1
SHINNCHANNEL777,1
拍族,1
場合,1
猥,1
褻,1
商太貴,1
網的,1
商,1
納入,1
健保,1
BNT,1
莫德納,1
各自,1
功效,1
李在鎔行,1
賄入,1
無症,1
喪,1
失意,1
那座,1
美的,1
這道,1
結尾常見,1
這認證,1
弟子,1
規,1
篩檢量,1
署,1
校正,1
隱憂,1
作戰,1
綠營,1
側翼,1
自導,1
自演,1
手林瑋,1
豐之亂,1
電力,1
巴勒斯坦,1
互相,1
以巴衝,1
突懶,1
人包,1
遊戲型,1
限量版,1
布娃娃,1
再次,1
頭跟,1
幹什麼,1
好家,1
變長,1
抗戰,1
回到,1
零確診,1
台鐵為,1
出包,1
民營化,1
救台,1
成人片,1
SWAG,1
散播,1
物品,1
憋氣,1
測出,1
肺部,1
纖維化,1
喝水,1
傳錯,1
誤訊息,1
團康,1
救國團,1
事業,1
還做,1
附,1
隨組織,1
晉級,1
擺爛,1
利路,1
岔路,1
灰階,1
味精,1
調味料,1
鮮味,1
身世,1
課金,1
范冰冰,1
鄭爽,1
片酬,1
逃漏,1
稅,1
阿里巴巴,1
800,1
巨頭聞,1
風喪膽,1
反壟斷,1
PS4,1
尼爾,1
人工生命,1
ver,1
1.22,1
點在,1
查德,1
戰死,1
邊境,1
介佑,1
Josh,1
缺水,1
松山,1
分局,1
瑞莎體,1
操隊,1
體協,1
英格蘭,1
大不列顛,1
區間,1
測速,1
超速,1
剋,1
星,1
想排,1
核廢水,1
飄到,1
台灣來,1
上山,1
打獵,1
最後會,1
申請,1
民族自治,1
收到,1
判斷,1
bonibaobao,1
足壇,1
做古,1
補教,1
名師,1
誘姦,1
房思琪,1
戀樂園,1
還寫,1
柔,1
道教,1
重摔,1
火葬,1
場超載,1
美國亞裔,1
越演,1
越烈,1
會引,1
發國,1
入學,1
哲學大師,1
反思,1
拍電影,1
不動產,1
人連,1
當了,1
公審帶,1
查證,1
避掉,1
國發會,1
龔明鑫,1
主委,1
判定,1
栽種,1
鋪路,1
入罪,1
審後播,1
豪,1
火球,1
之術,1
結印,1
中二,1
DcardTaiwan,1
本集,1
扶植,1
許,1
多台,1
灣漫畫,1
CCC,1
創作集,1
黑素,1
斯,1
醜化,1
本人,1
強力,1
修改,1
愛國者,1
治港,1
Yahoo,1
奇摩,1
樹洞裡,1
願意,1
鄭家,1
純辦,1
38,1
號樹洞,1
信件,1
展,1
竟變,1
歷經,1
弦音,1
魔法,1
小圓,1
亞人醬,1
廢廢子,1
大冒險,1
測試,1
都市,1
款超,1
勸,1
募,1
帳戶,1
哪些地方,1
把關,1
重大事故,1
軍人節,1
美國亞,1
特蘭大槍,1
吳念庭,1
過世應,1
靠近,1
靈堂,1
喪禮,1
能用,1
科學來,1
星球,1
土地,1
先贏,1
毋甘願,1
電影史,1
逼會,1
越醜,1
級景點,1
軍警,1
屠殺民眾,1
沒轍,1
塞子,1
終於通,1
榮貨輪擱,1
淺,1
還不,1
H,1
M,1
去年,1
拒用,1
棉花,1
社會會,1
講述,1
Cyberpunk,1
獻出,1
心臟,1
rayduenglish,1
helloiamhook,1
當職業,1
MRJOEHOBBYtv,1
捐卵,1
捐精,1
想嘗試,1
相關,1
成年,1
還受,1
兒少法,1
開罰,1
捷運站,1
獼猴,1
類了,1
近十年,1
侵襲,1
治沙,1
富士,1
輝煌,1
攝影要,1
少子,1
化時代,1
貓派,1
投資理,1
財知識,1
獲利,1
比知識,1
人太,1
貪吃會,1
深入,1
七宗罪,1
貪食,1
今生,1
六百,1
萬件,1
違規,1
人太多,1
人太閒,1
加個,1
拚,1
陋習,1
錢給,1
封鎖,1
澳媒,1
付費戰,1
睡午,1
越累,1
昏沉,1
只能靠,1
草帽,1
團有,1
crowndu,1
免費報,1
運彩,1
接會,1
替代,1
節快,1
最助興,1
方,1
外銷,1
九成,1
守護藻,1
連署,1
國安團隊,1
德州,1
不歧視,1
趨近,1
0,1
百名,1
富商,1
當往,1
血流成河,1
司法院,1
提出,1
533,1
剪刀,1
鞋子,1
Elsagate,1
走進,1
Kids,1
EP044,1
景,1
景有,1
擎天,1
崗,1
水牛,1
暴斃,1
的後續,1
死因,1
陽明,1
倖存,1
靈藥,1
童奴,1
溫床,1
新垣,1
改叫,1
星野,1
改姓,1
考什麼,1
小學,1
考題,1
TheDoDoMen,1
遊戲力,1
台彩,1
最晚,1
愛莉莎莎大戰,1
蒼藍鴿,1
出集體,1
家中,1
熟悉,1
萬多人,1
失聯,1
這中間,1
順序,1
起承,1
轉合,1
台菜,1
百科,1
知識庫,1
國中,1
生用,1
用小紅書會,1
贊同,1
發放津,1
正港,1
端火鍋,1
包包,1
名牌,1
北歐,1
開放式,1
不上鎖,1
試播,1
集結束,1
連做,1
集之,1
接下,1
這幾天,1
原子,1
地養成,1
原創,1
商品化,1
變現,1
手段,1
Fandora,1
Shop,1
跟傑,1
哥家瑜,1
ACG,1
還被,1
請動,1
瘋,1
狂岔題,1
光說,1
換台通,1
上志祺,1
怎,1
麼,1
誠誠家倫,1
初登板,1
開個,1
考慮,1
Firstory,1
人于,1
子軒,1
德政,1
司法界,1
發動政變,1
石木,1
欽,1
翁茂,1
克拉夫特,1
布,1
林肯,1
Flash,1
小遊戲,1
黯然,1
冷凍,1
療程,1
初體驗,1
體外,1
洋娃娃,1
分性,1
GameStop,1
史詩級,1
軋空,1
Reddit,1
鄉民散戶,1
足以,1
撼動華爾街,1
喪命,1
下達,1
Clubhouse,1
用聲音,1
水豚,1
飼養,1
王冠,1
想罵爛,1
吃過,1
薑,1
母,1
鳳梨應,1
ggukim,1
搬家,1
LBRY,1
呃,1
李子,1
柒,1
中韓,1
泡菜,1
解除,1
雪莉來,1
村莊,1
發想,1
聲音,1
邵芷耘,1
小鹿,1
智性,1
戀,1
尼采,1
多大責任,1
出租,1
陪聊,1
預約,1
殺價,1
免費供,1
生理用品,1
經貧窮,1
修成,1
太好,1
商人,1
太會,1
乾巴巴,1
無名,1
紅極,1
部落,1
格,1
寒流,1
天氣,1
驅寒,1
熱飲,1
民俗,1
Uncle,1
Roger,1
罗杰,1
叔叔,1
討好,1
牆外,1
一杯,1
風味,1
支持者,1
國會,1
釀,1
普粉,1
絲不願,1
歐為,1
歐之後又會,1
台灣國,1
延後上,1
晚起,1
週末,1
構性,1
龐大,1
螞蟻,1
疑慮,1
成案,1
伊索,1
王浩宇,1
譚德賽,1
阿甘,1
有空,1
我家,1
坐坐,1
曾用,1
尋找,1
跡,1
用量,1
不可告人,1
密,1
GPS,1
無人機,1
植入,1
木馬來,1
嫌疑犯,1
權衡,1
全明星,1
運動會,1
羞恥,1
play,1
挑釁,1
還幫,1
許久,1
逃走,1
波蘭,1
墮,1
胎法,1
253,1
天零,1
機組員,1
PUA,1
竟會,1
逼人,1
致死,1
裸露,1
打打,1
電玩遊戲,1
力推,1
檔案,1
軍備,1
帕美魯,1
克拉,1
魯克,1
年代,1
懷舊,1
洋蔥,1
onion,1
man,1
港口,1
孕育,1
發展史,1
悶,1
ROG,1
編狂,1
吃豆腐,1
台灣華碩,1
我大,1
老遠,1
🎄,1
阿圓,1
眾量,1
泱泱,1
金針菇,1
Tommy,1
喬,1
瑟夫,1
語謙,1
瑀,1
熙,1
董仔,1
安安,1
邊緣子,1
蔡哥,1
哆,1
大雄,1
窺靜香,1
會教壞,1
糞作,1
最後生,1
還者,1
橫掃,1
項大獎,1
失散多年,1
三胞胎,1
重逢,1
背後竟,1
學實驗,1
一模,1
🦐,1
通錄,1
創業,1
阿宅,1
題目,1
很快,1
再來,1
大舉,1
離島,1
抽砂,1
我想,1
來點,1
蟋蟀,1
包蟲,1
蠶,1
蛹,1
吃蟲,1
45,1
度角,1
女友,1
視角,1
從無名,1
養家,1
糊口,1
康士坦,1
變化球,1
紐時,1
控訴,1
巨頭,1
斬斷,1
金流,1
姐姐,1
守護者,1
治,1
罕病,1
熱血開,1
創新,1
射精,1
就會潮,1
吹,1
情節,1
演得,1
中國官,1
媒不講,1
武德,1
撐起,1
鬼畜,1
太極,1
掌門,1
保國,1
為民,1
除害,1
消災解,1
厄,1
青山,1
要放,1
鞭炮,1
案後續,1
魯一週,1
周庭,1
之鋒,1
林朗彥,1
金雞獎,1
MSN,1
時通,1
Messenger,1
超車,1
通訊,1
小氣,1
大氣,1
各付,1
NIKE,1
拍廣告,1
影射,1
氣是,1
人們,1
任由,1
資安出,1
星期,1
星期日,1
星期一,1
Xpark,1
照顧動物,1
志祺帶,1
座鈴,1
啟用,1
安心,1
坐博愛座,1
疲軟,1
不舉,1
早洩,1
性功能,1
志祺為,1
衰尾,1
星期五,1
成電商,1
購物節,1
愛吃,1
扯民眾,1
烏龍,1
民怨,1
商輔導,1
人力不足,1
心理健康,1
做些,1
打贏,1
過法國,1
一百多年,1
滬尾,1
之役,1
百貨,1
慶為,1
促銷,1
慶冷,1
侵犯,1
隱私權,1
淑芳,1
兩座,1
男配角,1
男星,1
抱,1
57,1
觀戰,1
PS5,1
值不值得,1
Dualsense,1
手把,1
貝爾,1
本片,1
詳見,1
風波導致,1
發言人,1
接連犯,1
讀音,1
字音,1
字形,1
裝置,1
它們,1
幹麼,1
曾令理,1
馮鈺婷,1
后翼,1
棄兵,1
攻佔,1
收視,1
若,1
抗中國,1
COVID,1
試驗,1
流感疫苗,1
連連,1
接種,1
領域,1
斐濟,1
打人,1
南投,1
頻繁,1
台諜,1
紐西蘭大選,1
學獎,1
又紅,1
癢,1
還脫,1
皮,1
屑,1
乾癬,1
路燈,1
不亮,1
遇害,1
愛拿,1
受不了,1
晚輩,1
川普贏,1
一下子,1
贏,1
膠著,1
明軒,1
木棉花,1
換角,1
想法,1
劇場,1
連對,1
原作,1
欺壓,1
鬼壓,1
醫學,1
虛弱,1
川普是,1
派來,1
還說,1
刻意,1
刁難,1
吐,1
槽,1
神域,1
第三季,1
TOP,1
爆肝日,1
總觀,1
看破,1
一億次,1
國協,1
依然,1
當成,1
棋靈王,1
夾帶,1
私貨,1
祖國大內,1
棋魂,1
第一集,1
強徵,1
自救,1
會獅子,1
開口,1
爭,1
南鐵東,1
移案,1
理事,1
會委員,1
狂賣,1
給台灣,1
寶可夢區域,1
聯盟賽,1
當賽,1
事主,1
播是,1
事前,1
老爹,1
芒果,1
又辱華,1
防彈,1
BTS,1
連中國,1
訴辱華,1
泰緊,1
泰國學運,1
軍方,1
比電影,1
無聲,1
台灣史,1
集體性,1
入選,1
衡量,1
龐德,1
女郎,1
時期,1
奇特,1
務,1
連邱吉爾,1
盛,1
會懷孕,1
該服,1
義務役,1
論戰,1
經典題,1
艾蜜莉,1
衝上,1
爆性,1
侵醜聞,1
混入,1
中國貨,1
亞美尼亞為,1
何開,1
戰亞塞,1
拜然,1
武界,1
壩,1
大叔,1
希臘,1
難民營,1
辯論會,1
大騙局,1
特斯拉,1
Nikola,1
電動,1
卡車,1
騙出,1
三百,1
邰智源,1
不以,1
為然,1
能分,1
清楚,1
獸,1
人氣王,1
爆出,1
撼動,1
設計圈,1
求職,1
源頭,1
常喝,1
劇烈,1
產後憂鬱,1
迎接,1
媽媽會,1
集結眾,1
國產之光,1
原神,1
資安疑慮,1
首週,1
營收,1
瘦身,1
減重,1
懶得動,1
邊,1
邊做,1
爐碴,1
沒中,1
碴,1
農地,1
愛奇,1
藝為,1
WeChat,1
大逆轉,1
川習,1
兩人,1
聯合國互,1
飛飛飛,1
老化,1
失智,1
冷凍肉,1
新鮮,1
配優酪,1
香蕉,1
節特別,1
赤井心,1
桐生,1
可可,1
COVER,1
聲明,1
兩面,1
獨居,1
收集,1
240,1
個資,1
振華數,1
產值,1
將破,1
No.1,1
私密性,1
外流,1
求個,1
仇式,1
小動物,1
餵食,1
大喜,1
利大賽,1
開跑,1
創作迷,1
因有,1
死不瞑目,1
烏龜湯,1
羊雜,1
英國人,1
聲譽,1
常在,1
孔子,1
學院,1
打壞,1
命盤,1
培育,1
搖籃,1
行之有年,1
體育班,1
做動畫,1
課程,1
防曬,1
白化,1
曾榮,1
獲諾貝爾,1
獎的,1
迫害,1
興亞人,1
花木,1
出手,1
以及,1
兩種,1
中國大,1
人高,1
調來,1
純素,1
軟糖,1
當今,1
HBL,1
球學,1
辭職,1
人一點,1
不在乎,1
冷漠,1
爆卦,1
有網,1
凌和風,1
黑豹,1
續集開,1
拍前,1
演員過,1
世,1
射,1
倒地不起,1
學甲,1
爐碴案,1
貝魯特為,1
何大,1
愛奇藝,1
蘭教,1
基督教,1
為榮,1
育嬰,1
玩耍,1
夏天,1
尾巴,1
出遊,1
染病,1
上身,1
瘦肉精,1
時空,1
黨產,1
合憲,1
大胃,1
王吃播,1
痊,1
免疫,1
神聖小鳥,1
外來種,1
移除,1
探測,1
阿聯,1
示威,1
泰國人,1
哈姆,1
太郎,1
來諷,1
刺,1
最後一個,1
右腦,1
圖像,1
學習法,1
全腦,1
逆時,1
破口,1
動用,1
政風,1
篩檢爭議,1
邪,1
觸動東,1
西方,1
神經,1
志祺去,1
解召,1
下週,1
一要,1
放榜,1
主廚,1
愛又恨,1
自爆,1
性騷,1
陽剛,1
猛男,1
呆,1
原地,1
BBC,1
挑起,1
法比較,1
聯合,1
建交,1
盜,1
釣魚,1
公視要,1
黨媒,1
韓國練,1
習生,1
不練,1
想成,1
韓團,1
本能,1
愛不釋,1
趣味,1
殺案,1
阿嬤們,1
慰安,1
深埋,1
友台,1
這邊,1
觀點,1
助消化,1
逃不掉,1
廢死,1
李眉蓁,1
回應論,1
文爭議,1
韓國瑜會,1
收賄案,1
美中互,1
撤領,1
事館,1
農田,1
水利,1
法官法,1
困案,1
狠愛演,1
停止,1
許拆夥,1
父,1
木造,1
已,1
世界潮流,1
防潮,1
防蟲,1
意想不到,1
徵信社,1
探員,1
人知,1
深,1
業界,1
經理,1
出來講,1
最紅,1
Karen,1
代名,1
吳益政,1
親民黨,1
市議員,1
灣民眾,1
參選市,1
補選,1
具體,1
中頭彩,1
執政邁,1
包下捷,1
運站,1
桃貴,1
看不下去,1
放旁,1
邊會,1
關於,1
屁屁,1
HPV,1
其邁,1
會延續,1
大港,1
開唱,1
牆國,1
雷亞遊戲,1
總監,1
紅檢舉,1
港獨,1
酪,1
毒,1
過索馬利蘭,1
邊緣國,1
大哉問,1
素養,1
女巫,1
荷蘭人,1
人有關,1
詩一樣,1
對岸,1
共和,1
視頻,1
質量,1
立馬來,1
臉書應,1
刪文,1
抨擊馬,1
英九,1
消費券,1
打嘴巴,1
三倍,1
券,1
愛叮,1
酸性,1
酸鹼,1
禁抖音,1
中印,1
主權衝,1
突延燒,1
到網,1
時代到,1
純聲音,1
戰場,1
EP033,1
圈大炎,1
眾人,1
理解,1
角色扮演,1
考試院,1
監,1
察院,1
廢掉,1
浣熊,1
有法,1
療,1
盧秀燕尬,1
中火,1
韓,1
印,1
宏成,1
阿成,1
財神,1
晋瑋,1
灣台,1
東之子,1
煩要,1
投油,1
土伯,1
歐薩斯,1
集,1
解鎖,1
一套,1
甜度,1
強盜,1
不願意,1
文物,1
還給,1
狂下,1
三峽,1
大壩會,1
潰壩,1
港版,1
中國能,1
管到,1
比鄉,1
土劇還,1
高潮迭起,1
出聯名,1
混,1
道路,1
大訴,1
％,1
哈雷迪,1
教派,1
挽留,1
事後卻後悔,1
不邊,1
邊緣型,1
腐女會,1
收低,1
萬台幣,1
地攤,1
北部,1
油飯,1
南北部,1
種,1
粽子,1
日籍,1
疑似,1
台灣染疫,1
73,1
天零確,1
診要,1
第一家,1
桌遊店,1
一開始,1
七款,1
桌,1
幾種,1
塗,1
黑臉,1
抬棺,1
舞,1
EP032,1
毫無,1
保留,1
真實面,1
奈奈,1
薰,1
烙印,1
勇士,1
J,1
K,1
跨症,1
發作,1
跨性,1
別者,1
隆重,1
195,1
收太多,1
黨員,1
黨能,1
解套,1
部署,1
pm3,1
:,1
33,1
品酒,1
時光,1
台灣讀,1
設計會,1
死後才,1
冒險,1
雷到,1
避雷,1
93,1
炫風,1
由盛,1
轉衰,1
雨,1
８,1
成都,1
留不住,1
灣讓,1
水夠,1
串連,1
學界,1
感測器,1
霹靂,1
火真實,1
赴美,1
設廠,1
北車禁,1
坐令,1
全裸,1
孟加拉,1
哥斯大黎加,1
吳朋奉,1
⎢,1
出來面,1
老愛蹭,1
熱點,1
選題,1
疑惑,1
SpaceX,1
發射載,1
NASA,1
喬治,1
佛洛伊德,1
通姦,1
除罪,1
ㄇ,1
幫學生,1
選出,1
男內閣,1
順利度過,1
實藏著,1
反戰思維,1
從國,1
中到,1
體悟,1
機動,1
普拉,1
喬老師,1
被黃標,1
中國帶,1
利大,1
弊,1
外交部,1
科升學,1
朝會,1
雙層,1
公寓,1
木村,1
花選擇,1
實境,1
是網,1
凌,1
褲其實,1
裝黃金,1
褲風靡,1
大歷史,1
老師傅,1
超炫,1
手臂,1
工業,1
4.0,1
夕陽產業,1
玩完,1
一周,1
體驗,1
花蓮王,1
判刑,1
繼續當,1
版國安法,1
將把,1
一制,1
要強,1
文策,1
院院,1
胡晴舫,1
煉,1
比賢者,1
之石,1
中國年,1
浪,1
還沒有,1
種的,1
晚餐,1
出櫃會,1
那件,1
小事,1
閒聊,1
跟風,1
話語,1
親共,1
誣賴,1
有歧視,1
來龍,1
養不起,1
定安,1
樂死,1
引來,1
聲連連,1
困,1
會演,1
蘇,1
幾億元還,1
繳稅,1
避稅,1
英屬,1
維京,1
開曼,1
巴拿馬,1
油價,1
期貨,1
變成負,1
罷韓,1
錢櫃,1
林榮基,1
銅鑼灣,1
男堂,1
新世紀,1
福音,1
這部,1
影響志祺,1
思覺,1
裝出,1
實際過,1
參加過,1
為什,1
麽,1
金家,1
牢牢,1
北,1
韓政權,1
提,1
普篩,1
可行,1
臨床,1
炸,1
獲判,1
無罪,1
判決,1
緊,1
繃,1
心累,1
會療,1
迷宮,1
美食家,1
百姓,1
貴族,1
核彈級,1
第一件,1
比基尼,1
換發,1
鄧惠文,1
周揚青,1
公審,1
志祥,1
津津,1
樂道,1
錢領,1
無條件,1
生產出,1
字幕,1
背錯,1
往上,1
濕,1
毛巾,1
森友會,1
＞,1
ω,1
＜,1
島嶼,1
動森出,1
國土計,1
畫法,1
前陣子,1
敦睦,1
磐石,1
艦,1
群聚,1
大疑點,1
國軍,1
缺失,1
重刑犯,1
襲來,1
北極,1
冰層,1
融化,1
史前,1
愛莉莎莎,1
漢化,1
自肥,1
預算,1
抽到,1
小玉試,1
母奶,1
卻慘,1
遭撻伐,1
泰,1
幽默,1
刷,1
nnevvy,1
紅為,1
何慘,1
遭滑,1
鐵盧,1
幾年,1
場合要,1
西裝,1
美男,1
哈利,1
梅根,1
登出,1
哈,1
利王子,1
偽造,1
近百,1
中國瑞幸,1
破滅,1
打倒,1
被叫,1
死宅,1
過往,1
志祺對,1
涼宮,1
春日,1
Keroro,1
FGO,1
逼不得已,1
只好,1
蒸,1
照著,1
前會,1
唸咒,1
語嗎,1
蔡依林,1
跟陳奕迅,1
新歌,1
譚,1
德塞,1
惹議,1
法辦,1
警政署,1
98,1
剩下,1
國民黨江,1
啟臣,1
進場,1
護盤,1
國安,1
中國快,1
篩試劑,1
超不準,1
突變,1
導致,1
味覺,1
雙彈,1
瓦斯,1
竹蘭,1
莉莉,1
艾,1
古茲馬,1
野百合,1
民主化,1
延期,1
延到,1
還辦,1
當頭,1
新冠,1
節新聞,1
強姦,1
吵成,1
一團,1
各方,1
大統整,1
志祺給,1
前提,1
Minecraft,1
圖書館,1
錯估,1
趕死線,1
大常見,1
一一,1
大馬政變,1
並不遙遠,1
惡行,1
國民黨換,1
挽回,1
竟買,1
整座,1
只會,1
選民,1
委員,1
志祺強勢,1
部漫畫,1
金術師,1
古見,1
同學,1
溝通魯蛇,1
熔斷,1
要斷,1
幾次,1
波,1
因應,1
找員,1
工來,1
弱點,1
會產生,1
無形,1
提倡,1
自立,1
連好萊塢,1
社區,1
永久,1
居留,1
漢奸,1
即使,1
厭惡,1
為史,1
創刊號,1
打活,1
檢討,1
承受,1
〇,1
爆肝太累,1
隱情,1
可愛動物,1
南極,1
高溫,1
度,1
害企鵝,1
沒東西,1
阿圓去,1
青峰,1
被告,1
保護創,1
iphone,1
Touch,1
用來,1
秤,1
膝蓋,1
腸胃,1
力,1
韓國義,1
得救,1
極,1
右派,1
拉里,1
泰斯,1
凱薩琳,1
少數,1
林宅,1
黨團,1
協商,1
喬事,1
美牛,1
經貿關,1
折衷,1
食安,1
甜甜,1
量子,1
電腦,1
丹尼,1
索瓦人,1
阿斯,1
嘉古菌,1
白堊紀,1
M87,1
星系,1
之後連,1
草爺,1
解約,1
拆團,1
想得,1
減緩,1
陸委會,1
小明,1
禽流感,1
登革熱,1
頻道節,1
目變,1
風車,1
重金,1
風電,1
區分,1
AB,1
年齡層,1
最愛亂,1
傳假訊息,1
點爭議,1
莫名其妙,1
黑天,1
鵝,1
灰,1
犀牛,1
運動現,1
衛生紙,1
泰國大,1
李文亮,1
鑽石,1
寶瓶,1
星號,1
阿蓮區,1
公所,1
恐慌,1
武漢台,1
包機,1
返台,1
照護,1
假惹議,1
初選,1
當機,1
東非,1
蝗災,1
正文,1
七人小組,1
肯亞,1
索馬利亞,1
衣索,1
鹽水,1
蜂炮,1
擊退,1
有科學,1
換,1
搶頭,1
台體,1
競技系,1
82,1
年生,1
金智英,1
強烈,1
出自,1
王蟲界,1
大師級,1
竹谷隆,1
的親,1
密接,1
觸,1
從范瑋琪,1
狗官,1
來學習,1
會加分,1
公關,1
驟逝,1
強震,1
范瑋琪,1
Bryant,1
杜魯道,1
ICAO,1
絕招,1
新春,1
賀禮,1
刮,1
刮樂,1
回本,1
好運,1
打麻將,1
志祺真,1
擲,1
聖,1
筊,1
志祺會,1
臭泥神,1
煮熟,1
寫春聯,1
完幾個,1
合體,1
人隊,1
暗號,1
總辭,1
永明,1
林靜儀,1
大聯盟,1
威尼斯,1
初級,1
包參上,1
祭品,1
文,1
常客,1
邊界,1
河邊,1
摩天,1
強大溝,1
溝,1
多次,1
恩怨,1
八分,1
鐘講給,1
多月,1
全方位,1
新型,1
冠狀,1
火山,1
蔡正元,1
慘敗會,1
此,1
勝選,1
感言,1
透露,1
玄機,1
選後觀點,1
限期,1
大罷工,1
生猛,1
有力,1
血脈,1
賁張,1
黑膠,1
阿嬤當,1
投起,1
洞察,1
or,1
not,1
大選能,1
就此,1
枷鎖,1
萬劫,1
深淵,1
兩岸,1
國防,1
快報,1
第三次,1
臉書戰,1
情室,1
出借,1
維吾爾墓園,1
雅加,1
變義務,1
砂石,1
來補,1
韓粉,1
補助款,1
藍綠高牆,1
參謀,1
總長,1
命喪,1
RCA,1
工殤案,1
無尾熊,1
布吉納,1
法索,1
荷蘭,1
尼德,1
南瑤宮,1
東尼,1
核養,1
非核,1
家園,1
紫爆,1
用遷,1
萬到,1
達成,1
過志祺,1
不穿,1
內衣,1
出乎意料,1
三讀,1
媽祖,1
將會,1
Puma,1
念文組,1
競爭力,1
醒醒,1
假議題,1
制定,1
被習,1
記過,1
國道,1
收費員,1
韓罷,1
韓大車,1
勝訴,1
黨何,1
建華,1
伊藤詩織,1
京達,1
瑙,1
老公公,1
36,1
堂課,1
啟動,1
萬惡,1
魔王,1
偏好,1
實不實,1
氏,1
頑,1
GAME,1
巴逼,1
Aries,1
解婕,1
翎,1
Sandy,1
紅點,1
得獎,1
家有,1
三台,1
冰箱,1
四台,1
五台,1
烤箱,1
囤積症,1
發表會,1
沒講,1
清純,1
可愛嗎,1
韓國厭,1
具荷,1
拉走,1
絕路,1
遠航,1
停飛,1
貿易,1
戰達成,1
童貝里,1
亞紐,1
布干維爾,1
職能,1
師法,1
5700,1
億蓋,1
前瞻,1
軌,1
賄選,1
快點,1
學起,1
柏林,1
圍牆,1
推倒,1
倒塌,1
985,1
996,1
404,1
跳錯,1
舞蹈,1
觸法,1
兒福,1
購屋,1
改罷工,1
禁賽,1
工大,1
遊行,1
李洪元,1
北約峰,1
藝術蕉流,1
熱搜,1
第二名,1
明早,1
九點,1
囉,1
實志祺,1
投給,1
心路,1
詭異,1
休息,1
照護者,1
無國界,1
卡神,1
楊蕙,1
如,1
起訴,1
泰簽,1
近千,1
染愛滋,1
蘇啟,1
李世,1
乭,1
AS,1
Roma,1
經濟學,1
獎大,1
志祺有,1
師來,1
本業,1
欺犯,1
王立,1
強供,1
肛交,1
口交,1
指交,1
諜案,1
25,1
區議員,1
李安,1
哥倫比亞,1
擬人化,1
討人,1
萌,1
販毒,1
殺人,1
放火,1
沒人管,1
109,1
庚子年,1
斷驗,1
暖化,1
礦業法,1
代理人,1
法卡關,1
鼠疫,1
余湘,1
邱毅,1
盔,1
選上,1
不分區,1
獻金,1
處分,1
眼,1
肉芽,1
動,1
眼神,1
經,1
四叉貓,1
呂鴻志,1
唐鳳來,1
時代意義,1
繳國民年,1
懲罰,1
攻進,1
停課,1
巧妙,1
極致,1
境界,1
黨徽,1
國手,1
契約化,1
芬太尼,1
花博,1
RCEP,1
摩門教,1
第五,1
號交響,1
海盜,1
最棒黨,1
不黨,1
波蘭愛好,1
妖怪,1
發瘋黨,1
呱吉說,1
傳出,1
槍擊,1
滅跡,1
實施過,1
器,1
薛丁格,1
買得,1
三權,1
消防法,1
國台,1
辦惠台,1
條,1
遲刻,1
首里城,1
合掌,1
加州,1
呱吉視,1
組黨,1
原理,1
要當,1
插,1
space,1
要載,1
星際,1
放生,1
釋放,1
蛇,1
抓來,1
要素,1
39,1
具屍體,1
八點,1
檔,1
斷線,1
蘭國,1
反覆,1
香港政府,1
角力,1
穿雲箭,1
射爆,1
韓產業,1
時下,1
挺韓,1
志祺用,1
激推,1
多重人格,1
精神分裂,1
不一樣,1
作息,1
當物,1
聯網,1
速報,1
預警,1
預報,1
整災害,1
模樣,1
偏坦,1
審過關,1
引渡,1
毒梟擊,1
林亮,1
君,1
徐巧,1
芯,1
幸佳慧,1
智利,1
驚呆,1
情侶,1
刑法,1
灣人,1
遇見,1
想告,1
入球,1
離譜,1
灣的,1
領先,1
酷炫,1
機爭議,1
外送員車,1
禍,1
進攻,1
聰哥,1
庫德族,1
爐石,1
中美貿易戰,1
聖結,1
石遭,1
欠款,1
以上,1
MCN,1
懷孕,1
週,1
伸,1
子宮,1
本頻,1
擔當,1
一袋,1
辣椒,1
存活,1
代糖,1
對人體,1
減肥者,1
夢幻,1
逸品,1
合法性,1
公娼,1
血淚史,1
鐵皮,1
蒙面,1
南方,1
四賤客,1
新榮,1
戲院,1
只蓋,1
水熊蟲,1
騙到,1
拜師,1
台灣詐,1
射擊,1
胸,1
929,1
台港,1
山林,1
解禁,1
彈劾,1
中華統,1
一促,1
進黨,1
法國甲級,1
昏倒,1
版本,1
CPR,1
心肺,1
甦,1
自駕車,1
從政,1
藍亦明,1
搶過,1
竹,1
尬,1
柿子,1
農民,1
超想,1
實現,1
道具,1
轉藍,1
吉里,1
巴斯,1
返校,1
影版,1
上映,1
沙國,1
油田,1
沙烏地,1
史明,1
連千毅,1
拿坡里,1
披薩比賽,1
可愛就,1
亂養,1
水獺,1
吹捧,1
新生,1
一來,1
停駛,1
成天,1
災時,1
逃生,1
幫手,1
要面,1
泥獻聲,1
示範,1
高鐵蓋,1
買票,1
退選,1
李孟居,1
蔡金樹,1
高鐵屏,1
東案,1
阿爾及,1
毒死,1
臭氧,1
層,1
破洞,1
縮小,1
環保公約,1
認出,1
一旦,1
沒結婚,1
行不行,1
區超,1
地鐵站,1
打死,1
中風波,1
尚未,1
期爸,1
媽想,1
願,1
實,1
訣,1
竅,1
抵用券,1
高鐵,1
眾叛,1
親離,1
明文,1
松田,1
康博,1
辛巴威,1
巴哈,1
多利,1
安,1
颶風,1
埔,1
鹽,1
順澤宮,1
性單,1
萬訂,1
閱特別,1
沒人答,1
驗,1
綠電,1
400,1
億投資,1
到手,1
翹課,1
自學,1
鄭,1
撤回,1
Eats,1
未果,1
閃耀,1
順天,1
美術館,1
松月屋,1
中非,1
熱帶,1
暖,1
男部長,1
上火,1
潘文忠,1
戀愛跟,1
義民,1
神豬,1
跟動物,1
鬼火,1
用科學來,1
討論過,1
病主法,1
生前,1
改釋,1
憲出,1
台西,1
綠能,1
鄭兆村,1
吳比,1
蘇治芬,1
西,1
亞省,1
真槍,1
上場,1
警民,1
設計師,1
侵權,1
江孟芝,1
標數量,1
強制斷,1
糧,1
越是,1
看不慣,1
某些,1
哦,1
灣選舉,1
必勝,1
公式,1
樁,1
這條,1
腿給,1
接上,1
著選,1
紅變,1
刪掉,1
對獎,1
桃機,1
二航廈,1
弊案,1
侵略,1
一二三,1
F,1
16V,1
農糧,1
男高音,1
多明哥,1
薄柔纜,1
Uniqlo,1
驚傳,1
上游,1
乞丐,1
背包客,1
襲觀,1
光景,1
用別,1
愛心圓,1
遭控,1
違反言論,1
大噴發,1
大崩壞,1
富士康,1
小林,1
莫斯科,1
克什,1
米爾,1
邱顯智,1
洪慈庸,1
流血,1
中超,1
Dcard,1
實習生,1
黑特,1
博恩辭,1
職,1
夜夜,1
秀,1
主持人,1
Open,1
mic,1
鄭南榕,1
愛無性,1
追尋之路,1
惰,1
沒主權,1
祖國,1
動盪,1
一芳,1
行,1
渭水,1
林昶佐,1
小平,1
紙風車,1
劇團,1
打官司,1
訴求,1
阿宅志祺,1
辦公桌,1
看病,1
做產檢,1
prayforkyoani,1
跟二戰,1
花式溜冰,1
不辦,1
中國國防,1
白皮,1
新節目,1
滑冰,1
吳謙,1
孫楊,1
勝算,1
愛與,1
選戰,1
擺一邊,1
打開,1
虐嬰,1
托育,1
熱浪,1
提前,1
極端,1
賣社,1
宅地,1
FaceApp,1
帝,1
元朗,1
驚見,1
白衣,1
擊民眾,1
中運動,1
首都,1
沉,1
遷,1
STARTO,1
親眼,1
諜志祺,1
總統候,1
觀察點,1
評,1
人造肉,1
動物肉,1
以後吃,1
殺動物,1
天賦,1
結合,1
沒天賦,1
亞泥,1
撤銷,1
延展,1
推社會,1
山里,1
上下游,1
M1A2T,1
戰車,1
奔牛節,1
脫南者,1
是給,1
KuToo,1
幹嘛,1
仇日,1
專機,1
組在,1
拍攝,1
專訪,1
中聯辦,1
尤達,1
人幹,1
避,1
不檢點,1
藥為,1
異樣,1
眼光,1
發電廠,1
銓,1
敘部,1
雙城,1
論壇,1
劉結,1
林書豪,1
俊朗,1
郭董,1
順利銜,1
七大,1
中國熱,1
留學,1
實價,1
登錄案,1
人道,1
台鐵自,1
強號,1
灣豬豬,1
味全,1
桃猿,1
老街,1
87%,1
連彩,1
繪村,1
2029,1
雙子星,1
G20,1
中大遊行,1
遺囑,1
聖結石,1
Erin,1
Diary,1
星培,1
好倫,1
當爸,1
看國民黨,1
貿易戰,1
通俄門,1
補助,1
喬治亞,1
繳健保,1
分配,1
不均,1
善政,1
佛科妙天,1
核,1
四重,1
啟與,1
管家,1
阿伯,1
告白,1
過一個,1
天災,1
人禍,1
智賢,1
林志玲,1
反統,1
戰法,1
公投法,1
格陵蘭,1
搭便,1
車條款,1
登革,1
熱期間,1
ipad,1
香腸,1
蘇丹鎮壓,1
謠言,1
孫繼正,1
戴國旗,1
帽去,1
見習,1
劇透,1
屬於言論,1
